country_name,year,life_ladder,log_gdp_per_capita,social_support,healthy_life_expectancy_at_birth,freedom_to_make_life_choices,generosity,perceptions_of_corruption,positive_affect,negative_affect
Albania,2015,4.607,9.382,0.639,69.0,0.704,-0.085,0.885,0.579,0.35
Albania,2016,4.511,9.417,0.638,69.025,0.73,-0.021,0.901,0.567,0.322
Albania,2017,4.64,9.455,0.638,69.05,0.75,-0.033,0.876,0.547,0.334
Albania,2018,5.004,9.497,0.684,69.075,0.824,0.005,0.899,0.592,0.319
Albania,2019,4.995,9.522,0.686,69.1,0.777,-0.103,0.914,0.548,0.274
Albania,2020,5.365,9.494,0.71,69.125,0.754,0.002,0.891,0.563,0.265
Albania,2021,5.255,9.588,0.702,69.15,0.827,0.039,0.896,0.554,0.254
Albania,2022,5.212,9.649,0.724,69.175,0.802,-0.07,0.846,0.547,0.255
Albania,2023,5.445,9.689,0.691,69.2,0.872,0.068,0.855,0.597,0.314
Algeria,2016,5.341,9.383,0.749,66.1,,,,0.565,0.377
Algeria,2017,5.249,9.377,0.807,66.2,0.437,-0.174,0.7,0.555,0.289
Algeria,2018,5.043,9.37,0.799,66.3,0.583,-0.153,0.759,0.534,0.293
Algeria,2019,4.745,9.361,0.803,66.4,0.385,-0.002,0.741,0.544,0.215
Algeria,2020,5.438,9.291,0.868,66.5,0.574,-0.124,0.724,0.524,0.311
Algeria,2021,5.217,9.308,0.841,66.6,0.558,-0.116,0.712,0.498,0.258
Algeria,2022,5.538,9.323,0.783,66.7,0.44,-0.045,0.611,0.583,0.259
Argentina,2015,6.697,10.083,0.926,66.9,0.881,-0.18,0.851,0.768,0.305
Argentina,2016,6.427,10.051,0.883,66.95,0.848,-0.198,0.851,0.732,0.312
Argentina,2017,6.039,10.069,0.907,67.0,0.832,-0.192,0.841,0.715,0.292
Argentina,2018,5.793,10.032,0.9,67.05,0.846,-0.216,0.855,0.732,0.321
Argentina,2019,6.086,10.002,0.896,67.1,0.817,-0.217,0.83,0.735,0.319
Argentina,2020,5.901,9.888,0.897,67.15,0.823,-0.131,0.816,0.679,0.342
Argentina,2021,5.908,9.977,0.882,67.2,0.819,-0.014,0.816,0.685,0.345
Argentina,2022,6.261,10.019,0.893,67.25,0.825,-0.13,0.81,0.724,0.284
Argentina,2023,6.393,9.994,0.892,67.3,0.832,-0.129,0.846,0.72,0.301
Armenia,2015,4.348,9.351,0.723,66.0,0.551,-0.209,0.901,0.527,0.438
Armenia,2016,4.325,9.357,0.709,66.275,0.611,-0.178,0.921,0.516,0.437
Armenia,2017,4.288,9.434,0.698,66.55,0.614,-0.155,0.865,0.552,0.437
Armenia,2018,5.062,9.49,0.814,66.825,0.808,-0.171,0.677,0.535,0.455
Armenia,2019,5.488,9.569,0.782,67.1,0.844,-0.181,0.583,0.537,0.43
Armenia,2021,5.301,9.561,0.762,67.65,0.795,-0.159,0.705,0.566,0.478
Armenia,2022,5.382,9.683,0.811,67.925,0.79,-0.158,0.705,0.531,0.549
Armenia,2023,5.679,9.73,0.819,68.2,0.819,-0.179,0.681,0.575,0.423
Australia,2015,7.309,10.77,0.952,70.6,0.922,0.327,0.357,0.75,0.21
Australia,2016,7.25,10.781,0.942,70.675,0.922,0.233,0.399,0.736,0.236
Australia,2017,7.257,10.787,0.95,70.75,0.911,0.312,0.411,0.728,0.225
Australia,2018,7.177,10.801,0.94,70.825,0.916,0.141,0.405,0.706,0.187
Australia,2019,7.234,10.807,0.943,70.9,0.918,0.115,0.43,0.727,0.202
Australia,2020,7.137,10.794,0.937,70.975,0.905,0.202,0.491,0.726,0.205
Australia,2021,7.112,10.815,0.92,71.05,0.912,0.234,0.454,0.74,0.235
Australia,2022,7.035,10.84,0.942,71.125,0.854,0.153,0.545,0.711,0.244
Australia,2023,7.025,10.846,0.896,71.2,0.876,0.187,0.482,0.731,0.248
Austria,2015,7.076,10.876,0.928,70.4,0.9,0.093,0.557,0.748,0.164
Austria,2016,7.048,10.885,0.926,70.525,0.889,0.074,0.524,0.713,0.197
Austria,2017,7.294,10.9,0.906,70.65,0.89,0.128,0.518,0.699,0.18
Austria,2018,7.396,10.919,0.912,70.775,0.904,0.048,0.523,0.695,0.226
Austria,2019,7.195,10.93,0.964,70.9,0.903,0.054,0.457,0.727,0.205
Austria,2020,7.213,10.859,0.925,71.025,0.912,0.004,0.464,0.716,0.206
Austria,2021,7.08,10.899,0.863,71.15,0.795,0.158,0.501,0.722,0.259
Austria,2022,6.999,10.938,0.876,71.275,0.856,0.137,0.524,0.718,0.226
Austria,2023,6.636,10.93,0.874,71.4,0.874,0.209,0.529,0.712,0.24
Azerbaijan,2015,5.147,9.606,0.786,63.1,0.764,-0.203,0.616,0.52,0.206
Azerbaijan,2016,5.304,9.563,0.777,63.225,0.713,-0.21,0.607,0.509,0.191
Azerbaijan,2017,5.152,9.555,0.787,63.35,0.731,-0.231,0.653,0.512,0.198
Azerbaijan,2018,5.168,9.562,0.781,63.475,0.772,-0.237,0.561,0.527,0.191
Azerbaijan,2019,5.173,9.578,0.887,63.6,0.854,-0.22,0.457,0.577,0.164
Azerbaijan,2022,4.576,9.619,0.665,63.975,0.8,0.075,0.696,0.533,0.401
Azerbaijan,2023,5.214,9.637,0.713,64.1,0.829,-0.16,0.627,0.509,0.221
Bangladesh,2015,4.633,8.375,0.601,63.8,0.815,-0.085,0.721,0.543,0.226
Bangladesh,2016,4.556,8.431,0.649,63.925,0.875,-0.105,0.688,0.437,0.235
Bangladesh,2017,4.31,8.483,0.713,64.05,0.896,-0.004,0.635,0.436,0.214
Bangladesh,2018,4.499,8.542,0.706,64.175,0.901,-0.059,0.701,0.433,0.361
Bangladesh,2019,5.114,8.607,0.673,64.3,0.902,-0.067,0.656,0.433,0.369
Bangladesh,2020,5.28,8.629,0.739,64.425,0.777,-0.025,0.742,0.485,0.332
Bangladesh,2021,4.123,8.685,0.485,64.55,0.893,0.089,0.746,0.504,0.448
Bangladesh,2022,3.408,8.742,0.404,64.675,0.865,-0.058,0.617,0.394,0.448
Bangladesh,2023,4.114,8.783,0.45,64.8,0.919,0.019,0.756,0.435,0.435
Belgium,2015,6.904,10.809,0.885,70.0,0.869,0.056,0.469,0.747,0.24
Belgium,2016,6.949,10.816,0.929,70.15,0.866,-0.062,0.497,0.701,0.26
Belgium,2017,6.928,10.829,0.922,70.3,0.857,0.049,0.543,0.713,0.234
Belgium,2018,6.892,10.842,0.93,70.45,0.808,-0.13,0.63,0.682,0.25
Belgium,2019,6.772,10.859,0.884,70.6,0.776,-0.178,0.672,0.699,0.244
Belgium,2020,6.839,10.799,0.904,70.75,0.767,-0.172,0.634,0.619,0.26
Belgium,2021,6.882,10.856,0.915,70.9,0.823,0.077,0.523,0.687,0.26
Belgium,2022,6.857,10.881,0.923,71.05,0.89,0.095,0.483,0.718,0.235
Belgium,2023,6.944,10.883,0.896,71.2,0.87,0.065,0.522,0.725,0.245
Benin,2015,3.625,7.955,0.434,54.3,0.733,-0.029,0.85,0.555,0.373
Benin,2016,4.007,7.958,0.493,54.6,0.78,-0.068,0.838,0.578,0.456
Benin,2017,4.853,7.984,0.436,54.9,0.727,-0.068,0.767,0.598,0.458
Benin,2018,5.82,8.02,0.504,55.2,0.713,0.0,0.747,0.625,0.468
Benin,2019,4.976,8.057,0.442,55.5,0.77,-0.018,0.698,0.638,0.441
Benin,2020,4.408,8.067,0.507,55.8,0.783,-0.086,0.532,0.557,0.305
Benin,2021,4.493,8.108,0.436,56.1,0.724,-0.016,0.613,0.597,0.435
Benin,2022,4.217,8.142,0.366,56.4,0.714,-0.033,0.58,0.571,0.444
Benin,2023,4.42,8.174,0.398,56.7,0.786,-0.073,0.575,0.573,0.428
Bolivia,2015,5.834,8.965,0.829,62.7,0.884,-0.034,0.862,0.749,0.393
Bolivia,2016,5.77,8.991,0.796,62.85,0.882,-0.051,0.853,0.736,0.376
Bolivia,2017,5.651,9.017,0.779,63.0,0.884,-0.124,0.819,0.655,0.434
Bolivia,2018,5.916,9.044,0.827,63.15,0.863,-0.097,0.786,0.705,0.387
Bolivia,2019,5.674,9.051,0.784,63.3,0.881,-0.09,0.857,0.701,0.419
Bolivia,2020,5.559,8.946,0.805,63.45,0.877,-0.056,0.868,0.729,0.382
Bolivia,2021,5.569,8.994,0.798,63.6,0.862,-0.058,0.812,0.721,0.403
Bolivia,2022,5.929,9.012,0.824,63.75,0.865,-0.083,0.84,0.738,0.426
Bolivia,2023,5.86,9.025,0.786,63.9,0.832,-0.059,0.877,0.753,0.401
Bosnia and Herzegovina,2015,5.117,9.428,0.656,67.0,0.631,-0.058,0.96,0.486,0.286
Bosnia and Herzegovina,2016,5.181,9.473,0.808,67.05,0.633,0.13,0.957,0.566,0.304
Bosnia and Herzegovina,2017,5.09,9.517,0.775,67.1,0.564,0.087,0.923,0.527,0.271
Bosnia and Herzegovina,2018,5.887,9.566,0.836,67.15,0.659,0.118,0.913,0.568,0.277
Bosnia and Herzegovina,2019,6.016,9.606,0.873,67.2,0.722,0.074,0.963,0.545,0.238
Bosnia and Herzegovina,2020,5.516,9.588,0.899,67.25,0.74,0.132,0.916,0.602,0.325
Bosnia and Herzegovina,2021,5.749,9.674,0.86,67.3,0.759,0.274,0.921,0.604,0.305
Bosnia and Herzegovina,2022,5.872,9.723,0.856,67.35,0.743,0.191,0.933,0.543,0.285
Bosnia and Herzegovina,2023,6.009,9.759,0.879,67.4,0.847,0.241,0.948,0.579,0.249
Botswana,2015,3.762,9.524,0.816,52.8,0.857,-0.108,0.86,0.676,0.261
Botswana,2016,3.499,9.573,0.768,53.075,0.852,-0.246,0.729,0.657,0.252
Botswana,2017,3.505,9.593,0.768,53.35,0.817,-0.242,0.731,0.612,0.276
Botswana,2018,3.461,9.613,0.795,53.625,0.818,-0.248,0.807,0.688,0.267
Botswana,2019,3.471,9.624,0.774,53.9,0.833,-0.233,0.792,0.665,0.273
Botswana,2022,3.435,9.65,0.75,54.725,0.739,-0.218,0.831,0.623,0.287
Botswana,2023,3.332,9.673,0.701,55.0,0.741,-0.264,0.814,0.657,0.247
Brazil,2015,6.547,9.617,0.907,64.7,0.799,-0.021,0.771,0.687,0.325
Brazil,2016,6.375,9.575,0.912,64.875,0.807,-0.106,0.781,0.711,0.302
Brazil,2017,6.333,9.58,0.905,65.05,0.765,-0.181,0.794,0.669,0.308
Brazil,2018,6.191,9.59,0.882,65.225,0.751,-0.123,0.763,0.677,0.35
Brazil,2019,6.451,9.595,0.899,65.4,0.83,-0.068,0.762,0.701,0.337
Brazil,2020,6.11,9.555,0.831,65.575,0.786,-0.061,0.729,0.653,0.389
Brazil,2021,6.01,9.598,0.814,65.75,0.792,0.086,0.739,0.662,0.407
Brazil,2022,6.257,9.622,0.866,65.925,0.83,-0.064,0.742,0.681,0.341
Brazil,2023,6.553,9.635,0.856,66.1,0.87,-0.036,0.733,0.694,0.313
Bulgaria,2015,4.865,9.903,0.908,65.9,0.637,-0.207,0.941,0.556,0.214
Bulgaria,2016,4.838,9.94,0.926,66.0,0.7,-0.177,0.936,0.545,0.172
Bulgaria,2017,5.097,9.974,0.942,66.1,0.689,-0.16,0.911,0.542,0.189
Bulgaria,2018,5.099,10.008,0.924,66.2,0.724,-0.182,0.952,0.554,0.189
Bulgaria,2019,5.108,10.055,0.948,66.3,0.822,-0.115,0.943,0.577,0.2
Bulgaria,2020,5.598,10.02,0.916,66.4,0.818,-0.012,0.901,0.642,0.221
Bulgaria,2021,5.422,10.102,0.884,66.5,0.841,-0.018,0.891,0.647,0.253
Bulgaria,2022,5.378,10.197,0.953,66.6,0.741,-0.152,0.942,0.582,0.165
Bulgaria,2023,5.59,10.273,0.935,66.7,0.754,-0.131,0.948,0.539,0.192
Burkina Faso,2015,4.419,7.53,0.705,53.4,0.659,0.001,0.693,0.555,0.359
Burkina Faso,2016,4.206,7.558,0.764,53.775,0.645,-0.003,0.721,0.59,0.337
Burkina Faso,2017,4.647,7.59,0.785,54.15,0.614,-0.066,0.727,0.58,0.354
Burkina Faso,2018,4.927,7.626,0.665,54.525,0.721,-0.016,0.757,0.656,0.343
Burkina Faso,2019,4.741,7.654,0.683,54.9,0.678,-0.007,0.729,0.656,0.365
Burkina Faso,2020,4.64,7.647,0.668,55.275,0.75,0.12,0.809,0.605,0.388
Burkina Faso,2021,4.636,7.687,0.658,55.65,0.644,0.064,0.736,0.62,0.363
Burkina Faso,2023,4.462,7.693,0.58,56.4,0.715,0.105,0.65,0.639,0.346
Cambodia,2015,4.162,8.179,0.729,60.7,0.956,0.204,0.825,0.731,0.399
Cambodia,2016,4.461,8.233,0.746,60.9,0.958,0.07,0.84,0.713,0.398
Cambodia,2017,4.586,8.287,0.765,61.1,0.964,0.082,0.821,0.669,0.408
Cambodia,2018,5.122,8.347,0.795,61.3,0.958,0.029,,0.723,0.414
Cambodia,2019,4.998,8.404,0.759,61.5,0.957,0.007,0.828,0.704,0.39
Cambodia,2020,4.377,8.361,0.724,61.7,0.963,0.047,0.863,0.771,0.39
Cambodia,2021,4.555,8.379,0.713,61.9,0.965,0.012,0.844,0.759,0.391
Cambodia,2022,4.25,8.419,0.784,62.1,0.946,0.151,0.86,0.756,0.388
Cambodia,2023,4.221,8.462,0.738,62.3,0.961,0.07,0.799,0.683,0.394
Cameroon,2015,5.038,8.193,0.646,51.8,0.791,0.041,0.868,0.624,0.346
Cameroon,2016,4.816,8.207,0.659,52.475,0.713,-0.012,0.879,0.635,0.367
Cameroon,2017,5.074,8.214,0.695,53.15,0.767,-0.036,0.844,0.632,0.377
Cameroon,2018,5.251,8.225,0.677,53.825,0.816,0.028,0.884,0.63,0.356
Cameroon,2019,4.937,8.231,0.711,54.5,0.712,-0.015,0.817,0.606,0.326
Cameroon,2020,5.241,8.207,0.72,55.175,0.675,0.042,0.837,0.626,0.386
Cameroon,2021,4.963,8.216,0.695,55.85,0.715,-0.029,0.849,0.612,0.347
Cameroon,2022,4.712,8.225,0.629,56.525,0.675,0.022,0.849,0.586,0.362
Cameroon,2023,4.946,8.238,0.716,57.2,0.739,-0.028,0.855,0.588,0.356
Canada,2015,7.413,10.769,0.939,71.1,0.931,0.247,0.427,0.792,0.286
Canada,2016,7.245,10.768,0.924,71.15,0.912,0.205,0.385,0.768,0.237
Canada,2017,7.415,10.786,0.934,71.2,0.945,0.157,0.362,0.799,0.218
Canada,2018,7.175,10.799,0.923,71.25,0.946,0.1,0.372,0.773,0.259
Canada,2019,7.109,10.803,0.925,71.3,0.912,0.105,0.436,0.781,0.285
Canada,2020,7.025,10.74,0.931,71.35,0.887,0.043,0.434,0.738,0.307
Canada,2021,6.939,10.783,0.926,71.4,0.898,0.189,0.384,0.763,0.276
Canada,2022,6.918,10.799,0.929,71.45,0.838,0.22,0.442,0.719,0.287
Canada,2023,6.841,10.794,0.902,71.5,0.847,0.196,0.468,0.726,0.304
Chad,2015,4.323,7.525,0.751,50.5,0.474,-0.034,0.889,0.593,0.358
Chad,2016,4.029,7.429,0.616,50.875,0.525,0.047,0.82,0.564,0.468
Chad,2017,4.559,7.365,0.661,51.25,0.615,0.003,0.792,0.584,0.538
Chad,2018,4.486,7.355,0.577,51.625,0.65,0.02,0.763,0.532,0.544
Chad,2019,4.251,7.354,0.64,52.0,0.537,0.051,0.832,0.556,0.46
Chad,2022,4.397,7.253,0.72,53.125,0.679,0.218,0.805,0.588,0.499
Chad,2023,4.544,7.254,0.609,53.5,0.586,0.138,0.755,0.541,0.467
Chile,2015,6.533,10.105,0.827,69.4,0.769,0.032,0.812,0.752,0.333
Chile,2016,6.579,10.11,0.841,69.55,0.652,0.094,0.858,0.792,0.283
Chile,2017,6.32,10.108,0.88,69.7,0.79,-0.028,0.836,0.765,0.291
Chile,2018,6.436,10.13,0.89,69.85,0.789,-0.068,0.816,0.755,0.276
Chile,2019,5.942,10.119,0.869,70.0,0.659,-0.11,0.86,0.741,0.337
Chile,2020,6.151,10.042,0.888,70.15,0.781,0.026,0.812,0.753,0.336
Chile,2021,6.436,10.143,0.891,70.3,0.803,-0.052,0.859,0.735,0.221
Chile,2022,6.415,10.161,0.887,70.45,0.793,-0.014,0.796,0.775,0.253
Chile,2023,6.23,10.155,0.874,70.6,0.815,-0.027,0.836,0.779,0.263
China,2015,5.304,9.442,0.794,68.0,,-0.25,,0.667,0.171
China,2016,5.325,9.503,0.742,68.125,,-0.233,,0.683,0.146
China,2017,5.099,9.564,0.772,68.25,0.878,-0.18,,0.682,0.214
China,2018,5.131,9.625,0.788,68.375,0.895,-0.164,,0.722,0.19
China,2019,5.144,9.679,0.822,68.5,0.927,-0.178,,0.76,0.147
China,2020,5.771,9.699,0.808,68.625,0.891,-0.109,,0.663,0.245
China,2021,5.863,9.779,0.856,68.75,0.875,0.02,,0.698,0.24
China,2023,6.145,9.861,0.797,69.0,0.793,-0.032,,0.708,0.21
Colombia,2015,6.388,9.562,0.89,68.3,0.791,-0.106,0.843,0.803,0.292
Colombia,2016,6.234,9.572,0.882,68.475,0.835,-0.106,0.898,0.77,0.294
Colombia,2017,6.157,9.57,0.909,68.65,0.838,-0.163,0.875,0.79,0.299
Colombia,2018,5.984,9.577,0.871,68.825,0.851,-0.154,0.855,0.775,0.301
Colombia,2019,6.35,9.59,0.873,69.0,0.822,-0.177,0.854,0.791,0.322
Colombia,2020,5.709,9.5,0.797,69.175,0.84,-0.091,0.808,0.759,0.34
Colombia,2021,5.29,9.593,0.793,69.35,0.775,-0.065,0.831,0.752,0.348
Colombia,2022,5.892,9.658,0.877,69.525,0.799,-0.164,0.863,0.762,0.306
Colombia,2023,5.904,9.667,0.833,69.7,0.823,-0.142,0.87,0.754,0.285
Congo (Brazzaville),2015,4.691,8.519,0.642,54.9,0.85,-0.129,0.841,0.555,0.261
Congo (Brazzaville),2016,4.119,8.381,0.615,55.225,0.786,-0.091,0.79,0.586,0.304
Congo (Brazzaville),2017,4.884,8.312,0.655,55.55,0.778,-0.148,0.763,0.574,0.382
Congo (Brazzaville),2018,5.49,8.239,0.621,55.875,0.699,-0.105,0.738,0.571,0.448
Congo (Brazzaville),2019,5.213,8.215,0.625,56.2,0.686,-0.059,0.741,0.594,0.405
Congo (Brazzaville),2020,5.079,8.127,0.597,56.525,0.761,-0.024,0.728,0.572,0.435
Congo (Brazzaville),2021,4.921,8.082,0.568,56.85,0.738,-0.023,0.733,0.568,0.42
Congo (Brazzaville),2022,5.805,8.074,0.646,57.175,0.698,0.025,0.76,0.583,0.477
Congo (Brazzaville),2023,4.954,8.086,0.561,57.5,0.702,-0.051,0.745,0.585,0.409
Costa Rica,2015,6.854,9.85,0.878,70.0,0.907,-0.068,0.761,0.811,0.286
Costa Rica,2016,7.136,9.881,0.901,70.0,0.873,-0.042,0.781,0.83,0.281
Costa Rica,2017,7.225,9.912,0.922,70.0,0.936,-0.086,0.742,0.791,0.275
Costa Rica,2018,7.141,9.928,0.876,70.0,0.942,-0.117,0.781,0.802,0.326
Costa Rica,2019,6.998,9.944,0.906,70.0,0.927,-0.156,0.836,0.791,0.303
Costa Rica,2020,6.338,9.892,0.834,70.0,0.889,-0.139,0.772,0.759,0.35
Costa Rica,2021,6.408,9.961,0.876,70.0,0.887,-0.029,0.782,0.774,0.318
Costa Rica,2022,7.077,9.998,0.902,70.0,0.91,-0.049,0.751,0.793,0.272
Costa Rica,2023,7.384,10.021,0.875,70.0,0.933,-0.067,0.767,0.806,0.282
Croatia,2015,5.205,10.124,0.768,67.9,0.694,-0.104,0.849,0.57,0.294
Croatia,2016,5.417,10.166,0.798,68.075,0.672,-0.072,0.884,0.569,0.337
Croatia,2017,5.343,10.211,0.77,68.25,0.716,-0.112,0.892,0.618,0.316
Croatia,2018,5.536,10.248,0.91,68.425,0.691,-0.158,0.925,0.512,0.29
Croatia,2019,5.626,10.287,0.936,68.6,0.739,-0.145,0.932,0.504,0.269
Croatia,2020,6.508,10.202,0.923,68.775,0.837,-0.071,0.961,0.681,0.286
Croatia,2021,6.287,10.367,0.918,68.95,0.842,0.001,0.934,0.64,0.274
Croatia,2022,5.579,10.435,0.91,69.125,0.593,-0.213,0.875,0.573,0.267
Croatia,2023,5.958,10.462,0.909,69.3,0.573,-0.205,0.81,0.61,0.23
Cyprus,2015,5.439,10.451,0.77,71.6,0.628,0.107,0.893,0.66,0.383
Cyprus,2016,5.795,10.51,0.786,71.8,0.756,-0.036,0.898,0.631,0.336
Cyprus,2017,6.062,10.556,0.819,72.0,0.812,0.036,0.851,0.67,0.301
Cyprus,2018,6.276,10.599,0.826,72.2,0.794,-0.031,0.848,0.663,0.298
Cyprus,2019,6.137,10.639,0.776,72.4,0.74,-0.018,0.865,0.663,0.29
Cyprus,2020,6.26,10.583,0.806,72.6,0.763,-0.086,0.816,0.671,0.284
Cyprus,2021,6.269,10.638,0.855,72.8,0.718,-0.038,0.876,0.641,0.275
Cyprus,2022,5.865,10.683,0.82,73.0,0.698,0.008,0.887,0.659,0.297
Czechia,2015,6.608,10.496,0.911,68.3,0.808,-0.152,0.886,0.689,0.206
Czechia,2016,6.736,10.519,0.931,68.425,0.85,-0.204,0.9,0.71,0.201
Czechia,2017,6.79,10.567,0.901,68.55,0.832,-0.183,0.867,0.672,0.227
Czechia,2018,7.034,10.595,0.929,68.675,0.79,-0.299,0.851,0.674,0.178
Czechia,2020,6.897,10.562,0.964,68.925,0.906,-0.135,0.884,0.748,0.29
Czechia,2021,6.942,10.615,0.95,69.05,0.891,0.157,0.863,0.716,0.24
Czechia,2022,6.695,10.637,0.944,69.175,0.908,0.093,0.831,0.743,0.246
Czechia,2023,6.827,10.639,0.927,69.3,0.906,0.025,0.832,0.75,0.254
Denmark,2015,7.514,10.876,0.96,70.5,0.941,0.216,0.191,0.801,0.218
Denmark,2016,7.558,10.9,0.954,70.625,0.948,0.132,0.21,0.786,0.208
Denmark,2017,7.594,10.922,0.952,70.75,0.955,0.149,0.181,0.779,0.206
Denmark,2018,7.649,10.936,0.958,70.875,0.935,0.012,0.151,0.773,0.206
Denmark,2019,7.693,10.948,0.958,71.0,0.963,0.015,0.174,0.797,0.181
Denmark,2020,7.515,10.924,0.947,71.125,0.938,0.045,0.214,0.753,0.227
Denmark,2021,7.699,10.968,0.945,71.25,0.933,0.13,0.173,0.792,0.206
Denmark,2022,7.545,10.997,0.97,71.375,0.93,0.222,0.203,0.787,0.205
Denmark,2023,7.504,10.996,0.916,71.5,0.923,0.089,0.184,0.757,0.229
Dominican Republic,2015,5.062,9.625,0.893,63.2,0.856,-0.07,0.755,0.695,0.295
Dominican Republic,2016,5.239,9.678,0.895,63.4,0.873,-0.085,0.737,0.725,0.278
Dominican Republic,2017,5.605,9.713,0.894,63.6,0.855,-0.126,0.76,0.71,0.275
Dominican Republic,2018,5.433,9.769,0.862,63.8,0.867,-0.155,0.762,0.719,0.291
Dominican Republic,2019,6.004,9.808,0.884,64.0,0.877,-0.127,0.746,0.747,0.264
Dominican Republic,2020,5.168,9.727,0.806,64.2,0.835,-0.128,0.636,0.724,0.314
Dominican Republic,2021,6.031,9.832,0.857,64.4,0.859,-0.088,0.677,0.734,0.275
Dominican Republic,2022,5.518,9.87,0.82,64.6,0.853,-0.086,0.656,0.723,0.306
Dominican Republic,2023,5.921,9.9,0.86,64.8,0.867,-0.107,0.667,0.73,0.256
Ecuador,2015,5.964,9.385,0.856,67.5,0.801,-0.12,0.666,0.816,0.323
Ecuador,2016,6.115,9.358,0.842,67.75,0.846,-0.021,0.774,0.807,0.365
Ecuador,2017,5.84,9.366,0.849,68.0,0.879,-0.173,0.734,0.793,0.314
Ecuador,2018,6.128,9.359,0.851,68.25,0.869,-0.105,0.831,0.817,0.328
Ecuador,2019,5.809,9.341,0.808,68.5,0.83,-0.121,0.839,0.75,0.374
Ecuador,2020,5.354,9.245,0.804,68.75,0.829,-0.163,0.855,0.755,0.416
Ecuador,2021,5.435,9.275,0.786,69.0,0.821,-0.086,0.775,0.742,0.403
Ecuador,2022,5.887,9.293,0.825,69.25,0.759,-0.083,0.866,0.777,0.356
Ecuador,2023,5.852,9.307,0.782,69.5,0.731,-0.106,0.84,0.763,0.359
Egypt,2015,4.763,9.262,0.73,62.0,0.659,-0.094,0.684,0.554,0.344
Egypt,2016,4.557,9.284,0.809,62.25,0.656,-0.147,0.818,0.538,0.37
Egypt,2017,3.929,9.305,0.638,62.5,0.593,-0.158,,0.458,0.414
Egypt,2018,4.005,9.338,0.759,62.75,0.682,-0.221,,0.407,0.285
Egypt,2019,4.328,9.374,0.772,63.0,0.774,-0.204,,0.42,0.313
Egypt,2020,4.472,9.392,0.673,63.25,0.77,-0.119,,0.543,0.442
Egypt,2021,4.026,9.408,0.717,63.5,0.704,-0.233,0.58,0.387,0.325
Egypt,2022,4.024,9.456,0.769,63.75,0.733,-0.214,,0.486,0.307
Egypt,2023,3.881,9.48,0.73,64.0,0.625,-0.21,,0.436,0.352
El Salvador,2015,6.018,9.02,0.791,63.5,0.733,-0.163,0.805,0.816,0.333
El Salvador,2016,6.14,9.042,0.794,63.85,0.8,-0.192,0.797,0.742,0.346
El Salvador,2017,6.339,9.062,0.829,64.2,0.758,-0.179,0.778,0.8,0.268
El Salvador,2018,6.241,9.084,0.82,64.55,0.863,-0.102,0.801,0.817,0.27
El Salvador,2019,6.455,9.108,0.764,64.9,0.877,-0.116,0.682,0.826,0.271
El Salvador,2020,5.462,9.023,0.696,65.25,0.924,-0.132,0.583,0.811,0.329
El Salvador,2021,6.431,9.126,0.796,65.6,0.915,-0.085,0.663,0.826,0.29
El Salvador,2022,6.492,9.148,0.772,65.95,0.914,-0.116,0.621,0.823,0.296
El Salvador,2023,6.482,9.167,0.744,66.3,0.942,-0.104,0.496,0.812,0.318
Estonia,2015,5.629,10.343,0.918,68.3,0.815,-0.169,0.569,0.649,0.183
Estonia,2016,5.65,10.374,0.938,68.525,0.843,-0.155,0.639,0.657,0.177
Estonia,2017,5.938,10.429,0.936,68.75,0.862,-0.107,0.668,0.74,0.16
Estonia,2018,6.091,10.463,0.933,68.975,0.886,-0.147,0.621,0.73,0.163
Estonia,2019,6.035,10.496,0.934,69.2,0.887,-0.101,0.576,0.738,0.156
Estonia,2020,6.453,10.488,0.958,69.425,0.954,-0.09,0.398,0.762,0.188
Estonia,2021,6.554,10.564,0.946,69.65,0.926,0.046,0.441,0.761,0.176
Estonia,2022,6.357,10.541,0.933,69.875,0.904,0.136,0.39,0.767,0.187
Estonia,2023,6.43,10.517,0.958,70.1,0.915,0.032,0.334,0.765,0.182
Ethiopia,2015,4.573,7.468,0.626,58.3,0.803,0.109,0.567,0.623,0.237
Ethiopia,2016,4.298,7.531,0.719,58.7,0.744,0.035,0.703,0.627,0.254
Ethiopia,2017,4.18,7.595,0.734,59.1,0.717,-0.002,0.757,0.514,0.304
Ethiopia,2018,4.379,7.634,0.74,59.5,0.74,0.036,0.799,0.562,0.272
Ethiopia,2019,4.1,7.688,0.748,59.9,0.754,0.049,0.732,0.519,0.283
Ethiopia,2020,4.549,7.72,0.823,60.3,0.769,0.183,0.784,0.615,0.252
Ethiopia,2022,3.628,7.775,0.74,61.1,0.674,0.357,0.793,0.56,0.335
Ethiopia,2023,4.093,7.809,0.67,61.5,0.631,0.212,0.8,0.538,0.299
Finland,2015,7.448,10.716,0.948,70.7,0.93,0.105,0.223,0.736,0.191
Finland,2016,7.66,10.741,0.954,70.775,0.948,-0.033,0.25,0.769,0.182
Finland,2017,7.788,10.77,0.964,70.85,0.962,-0.008,0.192,0.756,0.176
Finland,2018,7.858,10.78,0.962,70.925,0.938,-0.133,0.199,0.749,0.182
Finland,2019,7.78,10.791,0.937,71.0,0.948,-0.058,0.195,0.732,0.181
Finland,2020,7.889,10.766,0.962,71.075,0.962,-0.123,0.164,0.748,0.193
Finland,2021,7.794,10.794,0.97,71.15,0.963,-0.039,0.192,0.752,0.175
Finland,2022,7.729,10.811,0.974,71.225,0.959,0.101,0.19,0.741,0.191
Finland,2023,7.699,10.808,0.947,71.3,0.943,-0.001,0.185,0.717,0.173
France,2015,6.358,10.677,0.896,71.7,0.817,-0.145,0.641,0.74,0.215
France,2016,6.475,10.685,0.885,71.8,0.787,-0.097,0.623,0.715,0.27
France,2017,6.635,10.705,0.931,71.9,0.834,-0.129,0.601,0.716,0.242
France,2018,6.666,10.72,0.921,72.0,0.816,-0.143,0.582,0.705,0.282
France,2019,6.69,10.735,0.958,72.1,0.827,-0.139,0.568,0.693,0.25
France,2020,6.714,10.651,0.947,72.2,0.823,-0.176,0.565,0.69,0.231
France,2021,6.656,10.714,0.915,72.3,0.837,-0.104,0.561,0.685,0.268
France,2022,6.614,10.737,0.866,72.4,0.798,-0.027,0.533,0.688,0.249
France,2023,6.557,10.742,0.85,72.5,0.776,0.01,0.558,0.676,0.228
Gabon,2015,4.661,9.609,0.756,56.3,0.671,-0.196,0.867,0.6,0.372
Gabon,2016,4.832,9.601,0.78,56.625,0.699,-0.207,0.817,0.625,0.432
Gabon,2017,4.782,9.58,0.807,56.95,0.652,-0.231,0.868,0.638,0.446
Gabon,2018,4.783,9.565,0.785,57.275,0.719,-0.2,0.823,0.614,0.418
Gabon,2019,4.914,9.58,0.763,57.6,0.736,-0.206,0.846,0.638,0.413
Gabon,2020,4.887,9.54,0.701,57.925,0.528,-0.194,0.789,0.568,0.416
Gabon,2021,5.075,9.533,0.754,58.25,0.699,-0.207,0.766,0.62,0.362
Gabon,2022,5.14,9.543,0.775,58.575,0.699,-0.167,0.803,0.661,0.414
Gabon,2023,5.104,9.554,0.735,58.9,0.722,-0.16,0.822,0.62,0.424
Georgia,2015,4.122,9.442,0.517,64.2,0.64,-0.21,0.502,0.448,0.233
Georgia,2016,4.448,9.47,0.533,64.325,0.606,-0.255,0.561,0.475,0.223
Georgia,2017,4.451,9.517,0.59,64.45,0.821,-0.25,0.59,0.496,0.21
Georgia,2018,4.659,9.565,0.617,64.575,0.775,-0.238,0.755,0.479,0.244
Georgia,2019,4.892,9.615,0.675,64.7,0.811,-0.265,0.647,0.503,0.244
Georgia,2020,5.123,9.544,0.718,64.825,0.764,-0.225,0.583,0.573,0.295
Georgia,2021,4.911,9.648,0.671,64.95,0.777,-0.29,0.723,0.51,0.24
Georgia,2022,5.293,9.743,0.754,65.075,0.821,-0.255,0.655,0.503,0.233
Georgia,2023,5.351,9.785,0.779,65.2,0.877,-0.268,0.706,0.542,0.231
Germany,2015,7.037,10.843,0.926,70.1,0.889,0.172,0.412,0.722,0.203
Germany,2016,6.874,10.857,0.906,70.3,0.871,0.142,0.446,0.709,0.187
Germany,2017,7.074,10.879,0.892,70.5,0.841,0.139,0.414,0.707,0.196
Germany,2018,7.118,10.886,0.92,70.7,0.877,0.028,0.496,0.74,0.243
Germany,2019,7.035,10.894,0.886,70.9,0.885,0.051,0.462,0.712,0.226
Germany,2020,7.312,10.856,0.905,71.1,0.864,-0.068,0.424,0.698,0.206
Germany,2021,6.755,10.881,0.868,71.3,0.778,0.074,0.418,0.703,0.251
Germany,2022,6.608,10.889,0.916,71.5,0.895,0.08,0.417,0.668,0.201
Germany,2023,6.792,10.878,0.895,71.7,0.845,0.106,0.46,0.706,0.231
Ghana,2015,3.986,8.437,0.687,56.5,0.852,-0.043,0.945,0.675,0.265
Ghana,2016,4.514,8.447,0.647,56.875,0.751,0.085,0.894,0.659,0.305
Ghana,2017,5.481,8.503,0.669,57.25,0.783,0.074,0.839,0.715,0.248
Ghana,2018,5.004,8.542,0.761,57.625,0.817,0.058,0.846,0.716,0.25
Ghana,2019,4.967,8.584,0.746,58.0,0.787,0.111,0.857,0.645,0.27
Ghana,2020,5.319,8.569,0.643,58.375,0.824,0.196,0.847,0.675,0.253
Ghana,2021,4.378,8.601,0.633,58.75,0.73,0.105,0.888,0.588,0.295
Ghana,2022,4.191,8.613,0.628,59.125,0.786,0.114,0.909,0.62,0.292
Ghana,2023,4.298,8.61,0.661,59.5,0.834,0.093,0.892,0.638,0.254
Greece,2015,5.623,10.249,0.835,70.4,0.532,-0.277,0.824,0.637,0.277
Greece,2016,5.303,10.248,0.803,70.525,0.482,-0.265,0.898,0.594,0.336
Greece,2017,5.148,10.261,0.753,70.65,0.438,-0.295,0.872,0.516,0.333
Greece,2018,5.409,10.28,0.794,70.775,0.564,-0.34,0.86,0.564,0.255
Greece,2019,5.952,10.3,0.891,70.9,0.614,-0.293,0.848,0.56,0.236
Greece,2020,5.788,10.207,0.779,71.025,0.565,-0.246,0.764,0.629,0.322
Greece,2021,6.104,10.294,0.85,71.15,0.574,-0.161,0.752,0.624,0.311
Greece,2022,5.9,10.358,0.875,71.275,0.563,-0.318,0.874,0.589,0.183
Greece,2023,5.796,10.387,0.818,71.4,0.589,-0.223,0.805,0.608,0.311
Guatemala,2015,6.465,9.003,0.823,61.5,0.869,0.046,0.822,0.826,0.311
Guatemala,2016,6.359,9.013,0.811,61.7,0.863,0.006,0.812,0.815,0.321
Guatemala,2017,6.325,9.027,0.826,61.9,0.915,-0.064,0.8,0.819,0.308
Guatemala,2018,6.627,9.044,0.841,62.1,0.91,-0.016,0.765,0.827,0.262
Guatemala,2019,6.262,9.068,0.774,62.3,0.901,-0.068,0.773,0.82,0.311
Guatemala,2022,6.15,9.123,0.806,62.9,0.856,-0.06,0.835,0.835,0.263
Guatemala,2023,6.421,9.14,0.796,63.1,0.873,-0.049,0.812,0.843,0.303
Guinea,2015,3.505,7.627,0.579,51.5,0.666,0.003,0.762,0.658,0.268
Guinea,2016,3.603,7.704,0.675,51.95,0.726,-0.06,0.803,0.676,0.374
Guinea,2017,4.874,7.776,0.634,52.4,0.738,0.034,0.75,0.702,0.422
Guinea,2018,5.252,7.813,0.63,52.85,0.731,0.088,0.778,0.727,0.44
Guinea,2019,4.768,7.842,0.655,53.3,0.691,0.092,0.756,0.67,0.473
Guinea,2020,4.972,7.865,0.732,53.75,0.598,0.075,0.79,0.706,0.346
Guinea,2021,4.945,7.879,0.627,54.2,0.676,0.157,0.784,0.672,0.45
Guinea,2022,5.317,7.901,0.582,54.65,0.729,0.136,0.77,0.699,0.492
Guinea,2023,4.827,7.932,0.577,55.1,0.743,0.187,0.791,0.652,0.516
Honduras,2015,4.845,8.553,0.772,61.3,0.534,-0.101,0.848,0.829,0.311
Honduras,2016,5.648,8.573,0.774,61.725,0.85,0.076,0.793,0.79,0.297
Honduras,2017,6.02,8.603,0.843,62.15,0.898,0.068,0.783,0.796,0.248
Honduras,2018,5.908,8.624,0.827,62.575,0.872,0.095,0.804,0.822,0.287
Honduras,2019,5.93,8.633,0.797,63.0,0.846,0.059,0.815,0.789,0.279
Honduras,2021,6.114,8.626,0.806,63.85,0.835,0.111,0.847,0.808,0.269
Honduras,2022,5.932,8.65,0.729,64.275,0.851,0.078,0.834,0.775,0.289
Honduras,2023,5.861,8.67,0.731,64.7,0.878,0.079,0.784,0.767,0.285
Hungary,2015,5.344,10.223,0.859,66.6,0.558,-0.204,0.908,0.65,0.245
Hungary,2016,5.449,10.248,0.9,66.75,0.554,-0.193,0.924,0.59,0.243
Hungary,2017,6.065,10.292,0.877,66.9,0.661,-0.145,0.886,0.644,0.181
Hungary,2018,5.936,10.346,0.941,67.05,0.693,-0.249,0.911,0.595,0.201
Hungary,2019,6.0,10.393,0.947,67.2,0.798,-0.201,0.884,0.653,0.18
Hungary,2020,6.038,10.349,0.943,67.35,0.771,-0.127,0.836,0.662,0.24
Hungary,2021,6.227,10.423,0.948,67.5,0.727,-0.046,0.832,0.668,0.192
Hungary,2022,5.861,10.47,0.937,67.65,0.776,-0.009,0.848,0.628,0.25
Hungary,2023,5.965,10.473,0.954,67.8,0.755,-0.002,0.847,0.673,0.189
Iceland,2015,7.498,10.862,0.98,71.9,0.94,0.294,0.639,0.794,0.18
Iceland,2016,7.51,10.909,0.985,71.925,0.952,0.274,0.719,0.808,0.158
Iceland,2017,7.476,10.927,0.967,71.95,0.939,0.24,0.727,0.823,0.148
Iceland,2019,7.533,10.943,0.982,72.0,0.959,,0.699,0.787,0.178
Iceland,2020,7.575,10.852,0.983,72.025,0.949,0.152,0.644,0.808,0.172
Iceland,2021,7.565,10.878,0.98,72.05,0.923,0.257,0.664,0.806,0.159
Iceland,2022,7.449,10.916,0.985,72.075,0.936,0.222,0.692,0.768,0.178
Iceland,2023,7.562,10.934,0.979,72.1,0.918,0.299,0.697,0.793,0.185
India,2015,4.342,8.596,0.61,59.1,0.777,-0.01,0.776,0.657,0.322
India,2016,4.179,8.664,0.614,59.4,0.82,0.041,0.765,0.646,0.346
India,2017,4.046,8.718,0.607,59.7,0.886,-0.046,0.781,0.579,0.318
India,2018,3.818,8.77,0.638,60.0,0.89,0.08,0.805,0.591,0.357
India,2019,3.249,8.797,0.561,60.3,0.876,0.108,0.752,0.56,0.466
India,2020,4.224,8.728,0.616,60.6,0.906,0.068,0.78,0.686,0.383
India,2021,3.558,8.806,0.57,60.9,0.866,0.052,0.757,0.547,0.429
India,2022,3.93,8.867,0.608,61.2,0.893,0.085,0.771,0.596,0.432
India,2023,4.676,8.919,0.633,61.5,0.9,0.121,0.77,0.699,0.389
Indonesia,2015,5.043,9.222,0.809,62.3,0.779,0.466,0.946,0.796,0.274
Indonesia,2016,5.136,9.261,0.792,62.425,0.83,0.494,0.89,0.748,0.342
Indonesia,2017,5.098,9.3,0.796,62.55,0.865,0.482,0.9,0.781,0.319
Indonesia,2018,5.34,9.341,0.809,62.675,0.879,0.506,0.868,0.796,0.296
Indonesia,2019,5.347,9.381,0.802,62.8,0.866,0.549,0.861,0.8,0.302
Indonesia,2020,4.828,9.351,0.751,62.925,0.853,0.529,0.914,0.742,0.351
Indonesia,2021,5.433,9.381,0.817,63.05,0.885,0.54,0.845,0.799,0.273
Indonesia,2022,5.585,9.426,0.834,63.175,0.903,0.516,0.862,0.818,0.269
Indonesia,2023,5.695,9.466,0.781,63.3,0.9,0.59,0.866,0.814,0.289
Iran,2015,4.75,9.548,0.572,65.7,0.78,0.164,0.699,0.548,0.52
Iran,2016,4.653,9.614,0.566,65.85,0.773,0.176,0.713,0.592,0.526
Iran,2017,4.717,9.627,0.714,66.0,0.731,0.21,0.715,0.59,0.439
Iran,2018,4.278,9.591,0.674,66.15,0.603,0.073,0.703,0.482,0.493
Iran,2019,5.006,9.553,0.698,66.3,0.623,0.128,0.728,0.525,0.449
Iran,2020,4.865,9.577,0.757,66.45,0.6,0.13,0.71,0.505,0.47
Iran,2021,4.788,9.616,0.771,66.6,0.609,0.172,0.761,0.518,0.427
Iran,2022,4.977,9.636,0.8,66.75,0.57,0.209,0.766,0.521,0.466
Iran,2023,5.004,9.651,0.809,66.9,0.615,0.254,0.764,0.533,0.425
Iraq,2015,4.493,9.145,0.684,60.8,0.599,0.021,0.762,0.478,0.581
Iraq,2016,4.413,9.25,0.719,61.275,0.666,-0.05,0.799,0.471,0.57
Iraq,2017,4.462,9.208,0.695,61.75,0.628,0.001,0.757,0.487,0.591
Iraq,2018,4.886,9.21,0.764,62.225,0.598,-0.069,0.887,0.552,0.482
Iraq,2020,4.785,9.088,0.708,63.175,0.7,-0.021,0.849,0.585,0.532
Iraq,2021,5.094,9.081,0.73,63.65,0.594,0.006,0.901,0.577,0.474
Iraq,2022,4.928,9.127,0.753,64.125,0.661,0.068,0.855,0.565,0.499
Iraq,2023,5.475,9.093,0.734,64.6,0.658,-0.017,0.851,0.587,0.469
Ireland,2015,6.83,11.18,0.953,70.7,0.892,0.226,0.409,0.748,0.225
Ireland,2016,7.041,11.189,0.958,70.8,0.875,0.169,0.399,0.744,0.211
Ireland,2017,7.06,11.264,0.943,70.9,0.905,0.21,0.337,0.771,0.213
Ireland,2018,6.962,11.334,0.938,71.0,0.861,0.138,0.362,0.754,0.213
Ireland,2019,7.255,11.373,0.944,71.1,0.892,0.067,0.373,0.758,0.223
Ireland,2020,7.035,11.423,0.96,71.2,0.882,0.0,0.356,0.753,0.246
Ireland,2021,6.828,11.54,0.85,71.3,0.846,0.131,0.36,0.733,0.245
Ireland,2022,6.87,11.643,0.906,71.4,0.895,0.138,0.358,0.738,0.234
Ireland,2023,6.817,11.676,0.921,71.5,0.903,0.182,0.373,0.742,0.245
Israel,2015,7.079,10.536,0.864,71.8,0.753,0.103,0.789,0.652,0.256
Israel,2016,7.159,10.56,0.89,71.95,0.772,0.147,0.804,0.602,0.263
Israel,2017,7.331,10.583,0.916,72.1,0.768,0.138,0.793,0.621,0.276
Israel,2018,6.927,10.603,0.91,72.25,0.725,0.048,0.77,0.612,0.282
Israel,2019,7.332,10.625,0.946,72.4,0.834,0.078,0.743,0.598,0.266
Israel,2020,7.195,10.589,0.959,72.55,0.831,-0.059,0.748,0.564,0.243
Israel,2021,7.578,10.655,0.917,72.7,0.82,-0.008,0.726,0.558,0.217
Israel,2022,7.662,10.698,0.954,72.85,0.775,-0.007,0.655,0.583,0.183
Israel,2023,6.783,10.707,0.952,73.0,0.797,0.146,0.636,0.484,0.516
Italy,2015,5.848,10.603,0.909,71.6,0.575,-0.07,0.913,0.646,0.329
Italy,2016,5.955,10.617,0.927,71.675,0.624,-0.086,0.903,0.632,0.339
Italy,2017,6.199,10.635,0.92,71.75,0.633,-0.041,0.867,0.613,0.323
Italy,2018,6.517,10.647,0.913,71.825,0.65,-0.027,0.888,0.598,0.403
Italy,2019,6.445,10.663,0.838,71.9,0.709,-0.088,0.866,0.569,0.328
Italy,2020,6.488,10.574,0.89,71.975,0.718,-0.157,0.844,0.614,0.311
Italy,2021,6.467,10.647,0.886,72.05,0.703,-0.096,0.862,0.634,0.318
Italy,2022,6.258,10.687,0.869,72.125,0.711,0.026,0.819,0.624,0.298
Italy,2023,6.245,10.703,0.851,72.2,0.699,-0.053,0.819,0.636,0.293
Ivory Coast,2015,4.445,8.395,0.704,52.5,0.8,-0.059,0.744,0.614,0.347
Ivory Coast,2016,4.543,8.438,0.617,53.075,0.769,-0.048,0.757,0.693,0.378
Ivory Coast,2017,5.038,8.484,0.661,53.65,0.732,-0.116,0.771,0.662,0.357
Ivory Coast,2018,5.268,8.505,0.621,54.225,0.713,-0.054,0.791,0.659,0.386
Ivory Coast,2019,5.392,8.543,0.679,54.8,0.736,-0.021,0.799,0.663,0.425
Ivory Coast,2020,5.257,8.535,0.613,55.375,0.77,0.012,0.777,0.655,0.34
Ivory Coast,2021,5.056,8.579,0.554,55.95,0.717,-0.004,0.716,0.626,0.345
Ivory Coast,2022,4.849,8.619,0.536,56.525,0.713,-0.009,0.743,0.629,0.399
Ivory Coast,2023,5.337,8.656,0.623,57.1,0.753,-0.057,0.676,0.67,0.307
Japan,2015,5.88,10.607,0.923,73.6,0.832,-0.162,0.654,0.702,0.176
Japan,2016,5.955,10.615,0.9,73.725,0.836,-0.069,0.698,0.69,0.192
Japan,2017,5.911,10.632,0.882,73.85,0.849,-0.213,0.659,0.692,0.176
Japan,2018,5.794,10.64,0.886,73.975,0.773,-0.268,0.687,0.649,0.185
Japan,2019,5.908,10.637,0.878,74.1,0.806,-0.261,0.617,0.693,0.194
Japan,2020,6.118,10.596,0.887,74.225,0.806,-0.266,0.609,0.681,0.186
Japan,2021,6.091,10.622,0.896,74.35,0.801,-0.213,0.67,0.674,0.189
Japan,2022,6.178,10.637,0.899,74.475,0.789,-0.237,0.643,0.67,0.165
Japan,2023,5.91,10.654,0.842,74.6,0.777,-0.222,0.594,0.638,0.178
Jordan,2015,5.405,9.202,0.83,67.6,0.767,-0.051,,0.617,0.305
Jordan,2016,5.271,9.173,0.82,67.6,0.771,-0.042,,0.598,0.312
Jordan,2017,4.808,9.173,0.815,67.6,0.766,-0.156,,0.554,0.392
Jordan,2018,4.639,9.168,0.8,67.6,0.762,-0.189,,,
Jordan,2019,4.453,9.163,0.793,67.6,0.726,-0.168,,,
Jordan,2020,4.094,9.125,0.709,67.6,0.779,-0.154,,,
Jordan,2021,3.909,9.127,0.703,67.6,0.773,-0.148,0.656,0.48,0.429
Jordan,2022,4.356,9.14,0.774,67.6,0.759,-0.156,0.715,0.521,0.435
Jordan,2023,4.292,9.151,0.721,67.6,0.754,-0.143,0.651,0.518,0.442
Kazakhstan,2015,5.95,10.098,0.931,63.4,0.74,-0.043,0.714,0.682,0.174
Kazakhstan,2016,5.534,10.095,0.928,63.8,0.783,-0.042,0.702,0.641,0.155
Kazakhstan,2017,5.882,10.121,0.914,64.2,0.745,-0.041,0.755,0.698,0.171
Kazakhstan,2018,6.008,10.148,0.937,64.6,0.84,-0.104,0.824,0.611,0.162
Kazakhstan,2019,6.272,10.179,0.951,65.0,0.852,-0.061,0.708,0.711,0.139
Kazakhstan,2020,6.168,10.141,0.966,65.4,0.872,-0.062,0.661,0.62,0.15
Kazakhstan,2021,6.26,10.17,0.906,65.8,0.807,0.034,0.782,0.663,0.122
Kazakhstan,2022,6.006,10.169,0.923,66.2,0.883,0.022,0.72,0.652,0.132
Kazakhstan,2023,6.299,10.172,0.929,66.6,0.901,0.05,0.812,0.626,0.114
Kenya,2015,4.358,8.334,0.777,56.1,0.793,0.209,0.853,0.673,0.172
Kenya,2016,4.396,8.353,0.706,56.5,0.749,0.288,0.828,0.73,0.226
Kenya,2017,4.476,8.369,0.715,56.9,0.853,0.225,0.854,0.754,0.23
Kenya,2018,4.656,8.404,0.707,57.3,0.821,0.282,0.844,0.747,0.237
Kenya,2019,4.619,8.434,0.676,57.7,0.818,0.3,0.794,0.728,0.251
Kenya,2020,4.547,8.411,0.674,58.1,0.702,0.251,0.837,0.738,0.297
Kenya,2021,4.465,8.465,0.702,58.5,0.678,0.313,0.841,0.745,0.253
Kenya,2022,4.448,8.493,0.691,58.9,0.706,0.292,0.878,0.725,0.281
Kenya,2023,4.496,8.523,0.703,59.3,0.736,0.316,0.8,0.756,0.245
Kosovo,2015,5.077,9.153,0.805,,0.561,0.177,0.851,0.685,0.18
Kosovo,2016,5.759,9.213,0.824,,0.827,0.12,0.941,0.588,0.15
Kosovo,2017,6.149,9.253,0.792,,0.858,0.112,0.925,0.617,0.186
Kosovo,2018,6.392,9.283,0.822,,0.89,0.264,0.922,0.642,0.17
Kosovo,2019,6.425,9.334,0.843,,0.841,0.242,0.92,0.612,0.141
Kosovo,2020,6.294,9.279,0.792,,0.88,0.302,0.91,0.593,0.201
Kosovo,2021,6.648,9.383,0.849,,0.84,0.258,0.842,0.578,0.116
Kosovo,2022,6.16,9.431,0.888,,0.865,0.208,0.846,0.549,0.142
Kosovo,2023,6.878,9.48,0.807,,0.9,0.285,0.811,0.682,0.14
Kyrgyzstan,2015,4.905,8.477,0.857,63.7,0.813,0.194,0.858,0.658,0.173
Kyrgyzstan,2016,4.857,8.5,0.914,64.225,0.814,0.051,0.917,0.668,0.126
Kyrgyzstan,2017,5.63,8.526,0.883,64.75,0.859,0.138,0.874,0.64,0.16
Kyrgyzstan,2018,5.297,8.543,0.898,65.275,0.945,0.262,0.907,0.617,0.203
Kyrgyzstan,2019,5.685,8.568,0.877,65.8,0.92,-0.008,0.885,0.625,0.207
Kyrgyzstan,2020,6.25,8.461,0.902,66.325,0.935,0.101,0.931,0.672,0.258
Kyrgyzstan,2021,5.564,8.504,0.904,66.85,0.918,0.199,0.903,0.66,0.226
Kyrgyzstan,2022,5.668,8.555,0.927,67.375,0.948,0.23,0.876,0.646,0.204
Kyrgyzstan,2023,5.91,8.573,0.946,67.9,0.943,0.145,0.899,0.681,0.165
Laos,2017,4.623,8.883,0.707,59.9,0.891,0.068,0.592,0.712,0.344
Laos,2018,4.859,8.929,0.705,60.2,0.907,0.136,0.634,0.711,0.332
Laos,2019,5.197,8.967,0.729,60.5,0.906,0.055,0.62,0.718,0.306
Laos,2020,5.284,8.957,0.66,60.8,0.915,0.136,0.748,0.714,0.358
Laos,2021,4.927,8.968,0.65,61.1,0.927,0.037,0.668,0.702,0.292
Laos,2022,4.962,8.981,0.659,61.4,0.891,0.091,0.706,0.675,0.334
Laos,2023,5.486,9.005,0.678,61.7,0.904,0.099,0.724,0.679,0.335
Latvia,2015,5.881,10.19,0.879,65.8,0.656,-0.084,0.808,0.559,0.228
Latvia,2016,5.94,10.222,0.917,65.9,0.685,-0.163,0.868,0.583,0.231
Latvia,2017,5.978,10.264,0.895,66.0,0.7,-0.161,0.798,0.565,0.232
Latvia,2018,5.901,10.311,0.913,66.1,0.608,-0.218,0.799,0.521,0.192
Latvia,2019,5.97,10.343,0.936,66.2,0.698,-0.2,0.789,0.537,0.212
Latvia,2020,6.229,10.328,0.928,66.3,0.82,-0.086,0.809,0.674,0.202
Latvia,2021,6.353,10.376,0.954,66.4,0.815,-0.104,0.84,0.716,0.186
Latvia,2022,6.055,10.396,0.928,66.5,0.817,0.018,0.844,0.632,0.161
Latvia,2023,6.296,10.408,0.932,66.6,0.816,0.059,0.8,0.671,0.257
Lebanon,2015,5.172,9.717,0.742,65.7,0.597,0.066,0.889,0.524,0.243
Lebanon,2016,5.271,9.754,0.828,65.775,0.657,0.021,0.853,0.513,0.263
Lebanon,2017,5.154,9.787,0.777,65.85,0.605,-0.088,0.911,0.469,0.244
Lebanon,2018,5.167,9.795,0.829,65.925,0.607,-0.081,0.907,0.415,0.271
Lebanon,2019,4.024,9.752,0.866,66.0,0.447,-0.098,0.89,0.308,0.494
Lebanon,2020,2.634,9.532,0.547,66.075,0.552,-0.139,0.884,0.352,0.482
Lebanon,2021,2.179,9.472,0.507,66.15,0.423,-0.164,0.905,0.263,0.569
Lebanon,2022,2.352,9.458,0.535,66.225,0.45,-0.13,0.883,0.298,0.43
Lebanon,2023,3.588,9.471,0.686,66.3,0.499,-0.102,0.895,0.373,0.385
Liberia,2015,2.702,7.366,0.638,52.5,0.671,-0.067,0.903,0.519,0.388
Liberia,2016,3.355,7.33,0.643,53.1,0.763,0.028,0.901,0.625,0.509
Liberia,2017,4.424,7.335,0.685,53.7,0.733,-0.018,0.867,0.674,0.391
Liberia,2018,4.135,7.328,0.727,54.3,0.766,0.044,0.868,0.664,0.436
Liberia,2019,5.121,7.283,0.712,54.9,0.706,0.044,0.828,0.645,0.389
Liberia,2022,4.042,7.287,0.597,56.7,0.732,0.15,0.828,0.637,0.439
Liberia,2023,4.494,7.309,0.63,57.3,0.72,0.039,0.834,0.608,0.428
Lithuania,2015,5.711,10.334,0.929,65.3,0.641,-0.259,0.924,0.534,0.276
Lithuania,2016,5.866,10.371,0.938,65.65,0.614,-0.272,0.949,0.553,0.25
Lithuania,2017,6.273,10.427,0.926,66.0,0.749,-0.179,0.79,0.59,0.195
Lithuania,2018,6.309,10.476,0.929,66.35,0.699,-0.243,0.852,0.518,0.214
Lithuania,2019,6.064,10.524,0.918,66.7,0.78,-0.258,0.783,0.568,0.276
Lithuania,2020,6.391,10.523,0.953,67.05,0.824,-0.129,0.829,0.626,0.202
Lithuania,2021,6.865,10.579,0.928,67.4,0.707,-0.121,0.878,0.667,0.191
Lithuania,2022,7.038,10.586,0.937,67.75,0.71,-0.192,0.685,0.471,0.132
Lithuania,2023,6.553,10.575,0.881,68.1,0.734,-0.232,0.751,0.493,0.201
Luxembourg,2015,6.702,11.637,0.934,71.5,0.932,0.044,0.375,0.728,0.193
Luxembourg,2016,6.967,11.664,0.941,71.525,0.882,0.011,0.356,0.706,0.192
Luxembourg,2017,7.061,11.653,0.905,71.55,0.903,0.036,0.33,0.726,0.184
Luxembourg,2018,7.243,11.645,0.902,71.575,0.884,-0.028,0.385,0.715,0.202
Luxembourg,2019,7.404,11.649,0.912,71.6,0.93,-0.051,0.39,0.742,0.212
Luxembourg,2022,7.228,11.657,0.878,71.675,0.915,0.023,0.345,0.718,0.218
Luxembourg,2023,7.016,11.649,0.879,71.7,0.911,0.033,0.343,0.751,0.194
Madagascar,2015,3.593,7.319,0.647,56.3,0.545,-0.044,0.861,0.674,0.226
Madagascar,2016,3.663,7.332,0.746,56.55,0.57,-0.072,0.864,0.67,0.204
Madagascar,2017,4.079,7.345,0.626,56.8,0.57,-0.037,0.847,0.701,0.375
Madagascar,2018,4.071,7.351,0.666,57.05,0.551,0.0,0.889,0.723,0.362
Madagascar,2019,4.339,7.369,0.701,57.3,0.55,-0.015,0.72,0.699,0.304
Madagascar,2022,4.019,7.315,0.642,58.05,0.523,0.07,0.74,0.687,0.345
Madagascar,2023,4.433,7.333,0.692,58.3,0.504,0.096,0.784,0.718,0.389
Malawi,2015,3.868,7.273,0.494,54.9,0.801,0.029,0.835,0.602,0.26
Malawi,2016,3.476,7.27,0.524,55.45,0.81,0.037,0.824,0.584,0.325
Malawi,2017,3.417,7.283,0.555,56.0,0.848,-0.004,0.735,0.592,0.312
Malawi,2018,3.335,7.299,0.528,56.55,0.799,0.043,0.766,0.548,0.365
Malawi,2019,3.869,7.325,0.549,57.1,0.765,-0.027,0.68,0.517,0.348
Malawi,2021,3.635,7.307,0.558,58.2,0.757,-0.014,0.74,0.551,0.326
Malawi,2022,3.356,7.291,0.503,58.75,0.744,0.017,0.755,0.536,0.329
Malawi,2023,3.272,7.279,0.47,59.3,0.738,0.014,0.745,0.52,0.338
Malaysia,2015,6.322,10.092,0.818,65.8,0.675,0.218,0.838,0.733,0.314
Malaysia,2018,5.339,10.197,0.789,65.725,0.875,0.123,0.894,0.716,0.2
Malaysia,2019,5.428,10.228,0.842,65.7,0.916,0.119,0.782,0.735,0.176
Malaysia,2020,6.014,10.159,0.797,65.675,0.878,0.096,0.747,0.721,0.288
Malaysia,2021,6.01,10.179,0.794,65.65,0.878,0.218,0.769,0.728,0.183
Malaysia,2022,6.048,10.251,0.815,65.625,0.957,0.208,0.789,0.767,0.191
Malaysia,2023,5.868,10.283,0.779,65.6,0.965,0.154,0.754,0.761,0.195
Mali,2015,4.582,7.631,0.83,53.0,0.634,-0.07,0.8,0.696,0.243
Mali,2016,4.016,7.655,0.836,53.4,0.696,-0.072,0.862,0.738,0.305
Mali,2017,4.742,7.675,0.741,53.8,0.753,-0.072,0.863,0.665,0.393
Mali,2018,4.416,7.69,0.692,54.2,0.737,-0.036,0.793,0.689,0.37
Mali,2019,4.988,7.705,0.755,54.6,0.67,-0.04,0.846,0.646,0.358
Mali,2020,4.269,7.661,0.568,55.0,0.645,-0.069,0.895,0.648,0.44
Mali,2021,4.113,7.659,0.573,55.4,0.673,-0.004,0.902,0.64,0.438
Mali,2022,4.211,7.665,0.642,55.8,0.818,-0.024,0.746,0.655,0.408
Mali,2023,4.37,7.673,0.641,56.2,0.776,-0.043,0.79,0.66,0.324
Malta,2015,6.613,10.594,0.919,71.3,0.912,0.339,0.664,0.641,0.355
Malta,2016,6.591,10.604,0.93,71.35,0.916,0.339,0.696,0.645,0.355
Malta,2017,6.676,10.681,0.937,71.4,0.924,0.244,0.69,0.666,0.302
Malta,2018,6.91,10.705,0.932,71.45,0.927,0.17,0.595,0.666,0.296
Malta,2019,6.733,10.734,0.922,71.5,0.924,0.077,0.689,0.642,0.356
Malta,2020,6.157,10.622,0.938,71.55,0.931,-0.005,0.675,0.576,0.411
Malta,2021,6.444,10.727,0.897,71.6,0.889,0.239,0.753,0.635,0.375
Malta,2022,6.299,10.784,0.932,71.65,0.838,0.246,0.758,0.671,0.37
Mauritania,2015,3.923,8.547,0.875,58.9,0.447,0.05,0.715,0.798,0.194
Mauritania,2016,4.472,8.533,0.785,59.125,0.467,-0.181,0.842,0.71,0.222
Mauritania,2017,4.678,8.568,0.779,59.35,0.527,-0.161,0.777,0.631,0.272
Mauritania,2018,4.314,8.588,0.802,59.575,0.467,-0.121,0.711,0.665,0.276
Mauritania,2019,4.153,8.614,0.798,59.8,0.628,-0.111,0.743,0.686,0.26
Mauritania,2022,4.724,8.602,0.648,60.475,0.624,-0.016,0.657,0.631,0.389
Mauritania,2023,4.292,8.62,0.606,60.7,0.54,0.018,0.669,0.708,0.329
Mauritius,2016,5.61,9.968,0.836,63.975,0.819,0.131,0.891,0.706,0.246
Mauritius,2017,6.174,10.005,0.91,63.95,0.912,0.079,0.818,0.682,0.169
Mauritius,2018,5.882,10.044,0.909,63.925,0.867,-0.081,0.785,0.71,0.158
Mauritius,2019,6.241,10.072,0.913,63.9,0.893,-0.061,0.81,0.735,0.149
Mauritius,2020,6.015,9.914,0.893,63.875,0.843,-0.038,0.772,0.7,0.138
Mauritius,2021,5.949,9.948,0.887,63.85,0.802,-0.013,0.784,0.666,0.136
Mauritius,2022,5.741,10.034,0.887,63.825,0.798,-0.042,0.769,0.725,0.168
Mauritius,2023,5.759,10.083,0.868,63.8,0.797,-0.002,0.769,0.664,0.16
Mexico,2015,6.236,9.88,0.761,65.8,0.719,-0.158,0.708,0.706,0.237
Mexico,2016,6.824,9.895,0.893,65.8,0.752,-0.16,0.809,0.802,0.22
Mexico,2017,6.41,9.905,0.8,65.8,0.861,-0.208,0.801,0.775,0.231
Mexico,2018,6.55,9.917,0.858,65.8,0.816,-0.186,0.809,0.815,0.213
Mexico,2019,6.432,9.907,0.852,65.8,0.903,-0.148,0.809,0.803,0.252
Mexico,2020,5.964,9.816,0.779,65.8,0.873,-0.128,0.778,0.745,0.292
Mexico,2021,5.991,9.857,0.779,65.8,0.837,-0.037,0.745,0.75,0.305
Mexico,2022,7.038,9.881,0.858,65.8,0.861,-0.123,0.78,0.818,0.205
Mexico,2023,7.006,9.9,0.868,65.8,0.87,-0.124,0.756,0.809,0.233
Moldova,2015,6.017,9.232,0.84,62.9,0.595,-0.094,0.943,0.556,0.281
Moldova,2016,5.578,9.289,0.837,63.3,0.557,-0.052,0.969,0.586,0.275
Moldova,2017,5.326,9.347,0.831,63.7,0.553,-0.057,0.926,0.563,0.259
Moldova,2018,5.682,9.404,0.892,64.1,0.824,-0.089,0.929,0.584,0.27
Moldova,2019,5.803,9.455,0.809,64.5,0.784,-0.097,0.884,0.6,0.262
Moldova,2020,5.812,9.38,0.874,64.9,0.859,-0.058,0.941,0.698,0.268
Moldova,2021,5.959,9.518,0.88,65.3,0.833,-0.096,0.875,0.63,0.27
Moldova,2022,5.687,9.465,0.817,65.7,0.829,-0.084,0.885,0.552,0.276
Moldova,2023,5.801,9.492,0.842,66.1,0.844,-0.157,0.86,0.578,0.251
Mongolia,2015,4.983,9.318,0.906,59.9,0.686,0.167,0.9,0.533,0.208
Mongolia,2016,5.057,9.311,0.947,60.0,0.76,0.083,0.9,0.555,0.171
Mongolia,2017,5.334,9.344,0.924,60.1,0.675,0.112,0.865,0.552,0.214
Mongolia,2018,5.465,9.397,0.942,60.2,0.696,0.048,0.849,0.525,0.192
Mongolia,2019,5.563,9.43,0.946,60.3,0.711,0.142,0.873,0.562,0.167
Mongolia,2020,6.011,9.365,0.918,60.4,0.718,0.138,0.843,0.575,0.26
Mongolia,2021,5.721,9.365,0.927,60.5,0.667,0.215,0.851,0.56,0.202
Mongolia,2022,5.788,9.397,0.951,60.6,0.717,0.211,0.847,0.55,0.209
Mongolia,2023,5.58,9.433,0.938,60.7,0.699,0.22,0.871,0.545,0.197
Montenegro,2015,5.125,9.813,0.74,66.6,0.583,-0.15,0.781,0.534,0.337
Montenegro,2016,5.304,9.842,0.866,66.7,0.569,-0.093,0.849,0.547,0.337
Montenegro,2017,5.615,9.887,0.881,66.8,0.626,-0.089,0.756,0.493,0.35
Montenegro,2018,5.65,9.937,0.856,66.9,0.626,-0.057,0.769,0.527,0.355
Montenegro,2019,5.386,9.977,0.832,67.0,0.694,-0.111,0.82,0.547,0.366
Montenegro,2020,5.722,9.812,0.887,67.1,0.802,0.061,0.845,0.56,0.411
Montenegro,2022,5.6,10.002,0.875,67.3,0.778,-0.022,0.802,0.485,0.317
Montenegro,2023,5.813,10.041,0.853,67.4,0.799,-0.066,0.706,0.481,0.318
Morocco,2015,5.163,8.947,0.606,63.3,0.713,-0.239,0.842,0.596,0.262
Morocco,2016,5.386,8.94,0.655,63.4,0.817,-0.248,0.717,0.658,0.205
Morocco,2017,5.312,8.977,0.641,63.5,0.814,-0.227,0.841,0.501,0.323
Morocco,2018,4.897,8.996,0.554,63.6,0.773,-0.246,0.843,0.575,0.416
Morocco,2019,5.057,9.014,0.535,63.7,0.757,-0.256,0.757,0.535,0.41
Morocco,2020,4.803,8.929,0.553,63.8,0.819,-0.238,0.803,0.548,0.256
Morocco,2021,5.326,8.994,0.505,63.9,0.762,-0.204,0.817,0.554,0.341
Morocco,2022,4.596,8.995,0.564,64.0,0.795,-0.257,0.802,0.573,0.414
Morocco,2023,4.487,9.009,0.5,64.1,0.821,-0.094,0.831,0.549,0.415
Mozambique,2015,4.55,7.148,0.666,48.6,0.813,0.083,0.632,0.56,0.34
Mozambique,2017,4.28,7.16,0.678,49.5,0.823,-0.035,0.682,0.642,0.353
Mozambique,2018,4.654,7.165,0.738,49.95,0.897,0.043,0.691,0.62,0.397
Mozambique,2019,4.932,7.159,0.742,50.4,0.87,0.068,0.682,0.588,0.384
Mozambique,2021,5.178,7.112,0.664,51.3,0.838,0.042,0.627,0.576,0.383
Mozambique,2022,4.74,7.125,0.711,51.75,0.884,0.043,0.688,0.629,0.351
Mozambique,2023,5.704,7.147,0.701,52.2,0.867,0.071,0.678,0.625,0.335
Myanmar,2015,4.224,8.229,0.752,59.6,0.808,0.692,0.633,0.729,0.272
Myanmar,2016,4.623,8.321,0.793,59.925,0.877,0.68,0.607,0.671,0.302
Myanmar,2017,4.154,8.369,0.795,60.25,0.886,0.651,0.619,0.617,0.282
Myanmar,2018,4.411,8.424,0.774,60.575,0.906,0.492,0.647,0.64,0.3
Myanmar,2019,4.434,8.483,0.763,60.9,0.899,0.56,0.682,0.638,0.286
Myanmar,2020,4.431,8.507,0.796,61.225,0.825,0.468,0.647,0.7,0.289
Myanmar,2021,4.314,8.302,0.78,61.55,0.631,0.508,0.671,0.636,0.268
Myanmar,2022,4.359,8.325,0.746,61.875,0.646,0.6,0.729,0.669,0.353
Myanmar,2023,4.391,8.347,0.685,62.2,0.695,0.548,0.686,0.634,0.358
Namibia,2017,4.441,9.243,0.828,55.35,0.81,-0.198,0.831,0.697,0.277
Namibia,2018,4.834,9.237,0.864,55.725,0.754,-0.177,0.846,0.696,0.24
Namibia,2019,4.436,9.211,0.845,56.1,0.739,-0.182,0.879,0.644,0.256
Namibia,2020,4.451,9.11,0.741,56.475,0.666,-0.11,0.81,0.652,0.248
Namibia,2021,4.491,9.128,0.808,56.85,0.659,-0.153,0.829,0.644,0.23
Namibia,2022,4.949,9.158,0.808,57.225,0.683,-0.124,0.849,0.676,0.261
Namibia,2023,5.055,9.167,0.852,57.6,0.674,-0.113,0.873,0.635,0.208
Nepal,2015,4.812,8.089,0.748,60.2,0.763,0.214,0.824,0.444,0.358
Nepal,2016,5.1,8.085,0.837,60.475,0.839,0.155,0.817,0.523,0.37
Nepal,2017,4.737,8.159,0.816,60.75,0.845,0.12,0.77,0.463,0.376
Nepal,2018,4.91,8.221,0.768,61.025,0.77,0.107,0.742,0.457,0.387
Nepal,2019,5.449,8.274,0.772,61.3,0.79,0.152,0.712,0.444,0.357
Nepal,2020,5.982,8.233,0.787,61.575,0.772,0.135,0.812,0.48,0.337
Nepal,2021,4.622,8.257,0.699,61.85,0.818,0.144,0.77,0.414,0.354
Nepal,2022,5.474,8.294,0.753,62.125,0.844,0.149,0.76,0.473,0.342
Nepal,2023,5.389,8.318,0.749,62.4,0.765,0.184,0.792,0.461,0.35
Netherlands,2015,7.324,10.878,0.879,71.1,0.904,0.256,0.412,0.742,0.202
Netherlands,2016,7.541,10.894,0.926,71.175,0.907,0.233,0.433,0.737,0.215
Netherlands,2017,7.459,10.917,0.937,71.25,0.92,0.245,0.363,0.729,0.185
Netherlands,2018,7.463,10.934,0.939,71.325,0.92,0.156,0.371,0.748,0.205
Netherlands,2019,7.425,10.947,0.941,71.4,0.886,0.207,0.36,0.728,0.231
Netherlands,2020,7.504,10.902,0.944,71.475,0.935,0.145,0.281,0.691,0.247
Netherlands,2021,7.314,10.944,0.919,71.55,0.856,0.266,0.397,0.714,0.201
Netherlands,2022,7.39,10.978,0.929,71.625,0.868,0.223,0.459,0.711,0.198
Netherlands,2023,7.255,10.977,0.915,71.7,0.847,0.223,0.424,0.693,0.202
New Zealand,2015,7.418,10.622,0.987,69.9,0.942,0.322,0.186,0.795,0.16
New Zealand,2016,7.226,10.637,0.937,69.975,0.927,0.259,0.278,0.777,0.207
New Zealand,2017,7.327,10.65,0.955,70.05,0.942,0.287,0.222,0.763,0.172
New Zealand,2018,7.37,10.667,0.954,70.125,0.949,0.113,0.207,0.785,0.168
New Zealand,2019,7.205,10.675,0.939,70.2,0.912,0.15,0.234,0.765,0.191
New Zealand,2020,7.257,10.647,0.952,70.275,0.918,0.116,0.283,0.796,0.209
New Zealand,2021,7.137,10.693,0.95,70.35,0.91,0.216,0.252,0.747,0.206
New Zealand,2022,6.975,10.712,0.956,70.425,0.831,0.183,0.281,0.706,0.21
New Zealand,2023,6.976,10.72,0.933,70.5,0.877,0.181,0.304,0.738,0.229
Nicaragua,2015,5.924,8.624,0.827,65.2,0.809,0.073,0.728,0.771,0.346
Nicaragua,2016,6.013,8.654,0.853,65.275,0.717,0.035,0.731,0.787,0.38
Nicaragua,2017,6.476,8.685,0.838,65.35,0.922,0.006,0.673,0.793,0.308
Nicaragua,2018,5.819,8.637,0.854,65.425,0.797,0.004,0.713,0.743,0.408
Nicaragua,2019,6.113,8.594,0.874,65.5,0.883,0.024,0.622,0.79,0.337
Nicaragua,2020,6.287,8.562,0.856,65.575,0.818,0.037,0.631,0.775,0.316
Nicaragua,2021,6.095,8.647,0.848,65.65,0.905,0.02,0.675,0.799,0.293
Nicaragua,2022,6.392,8.669,0.844,65.725,0.914,-0.004,0.57,0.787,0.339
Nicaragua,2023,6.362,8.685,0.836,65.8,0.906,-0.008,0.532,0.772,0.34
Niger,2015,3.671,7.025,0.713,54.1,0.728,-0.037,0.703,0.665,0.218
Niger,2016,4.235,7.042,0.683,54.45,0.702,-0.02,0.814,0.646,0.325
Niger,2017,4.616,7.053,0.582,54.8,0.684,-0.035,0.778,0.699,0.427
Niger,2018,5.164,7.084,0.612,55.15,0.791,0.004,0.637,0.759,0.503
Niger,2019,5.004,7.105,0.677,55.5,0.831,0.021,0.729,0.794,0.304
Niger,2022,4.501,7.151,0.587,56.55,0.793,0.024,0.74,0.787,0.366
Niger,2023,4.609,7.181,0.638,56.9,0.767,0.029,,0.747,0.417
Nigeria,2015,4.933,8.6,0.812,53.1,0.68,-0.04,0.926,0.715,0.251
Nigeria,2016,5.22,8.558,0.805,53.425,0.798,0.039,0.905,0.745,0.252
Nigeria,2017,5.322,8.541,0.733,53.75,0.826,0.12,0.835,0.682,0.236
Nigeria,2018,5.252,8.535,0.741,54.075,0.79,-0.015,0.866,0.762,0.256
Nigeria,2019,4.266,8.532,0.735,54.4,0.746,0.019,0.873,0.698,0.229
Nigeria,2020,5.503,8.49,0.739,54.725,0.713,0.094,0.913,0.737,0.316
Nigeria,2021,4.479,8.502,0.742,55.05,0.726,0.047,0.912,0.666,0.188
Nigeria,2022,5.294,8.51,0.785,55.375,0.776,0.172,0.935,0.76,0.253
Nigeria,2023,4.869,8.514,0.781,55.7,0.72,0.209,0.877,0.721,0.266
North Macedonia,2015,4.976,9.625,0.766,65.3,0.66,-0.053,0.824,0.551,0.299
North Macedonia,2016,5.346,9.652,0.871,65.5,0.706,0.073,0.87,0.587,0.292
North Macedonia,2017,5.234,9.662,0.8,65.7,0.752,-0.065,0.856,0.447,0.299
North Macedonia,2018,5.24,9.689,0.849,65.9,0.745,-0.048,0.91,0.512,0.298
North Macedonia,2019,5.015,9.728,0.815,66.1,0.725,0.018,0.923,0.515,0.304
North Macedonia,2020,5.054,9.666,0.75,66.3,0.787,0.127,0.877,0.542,0.365
North Macedonia,2021,5.535,9.724,0.809,66.5,0.793,0.188,0.884,0.563,0.303
North Macedonia,2022,5.167,9.749,0.85,66.7,0.723,0.068,0.937,0.555,0.277
North Macedonia,2023,5.403,9.776,0.883,66.9,0.738,0.123,0.917,0.517,0.272
Norway,2015,7.603,11.057,0.947,71.2,0.948,0.249,0.299,0.796,0.209
Norway,2016,7.596,11.06,0.96,71.25,0.954,0.125,0.41,0.809,0.209
Norway,2017,7.579,11.076,0.95,71.3,0.953,0.228,0.25,0.8,0.203
Norway,2018,7.444,11.077,0.966,71.35,0.96,0.086,0.268,0.786,0.212
Norway,2019,7.442,11.082,0.942,71.4,0.954,0.103,0.271,0.782,0.195
Norway,2020,7.29,11.063,0.956,71.45,0.965,0.068,0.271,0.777,0.216
Norway,2021,7.362,11.096,0.948,71.5,0.936,0.166,0.263,0.769,0.207
Norway,2022,7.295,11.119,0.927,71.55,0.939,0.182,0.314,0.759,0.211
Norway,2023,7.249,11.125,0.952,71.6,0.938,0.219,0.245,0.756,0.228
Pakistan,2015,4.823,8.423,0.562,55.8,0.587,0.076,0.717,0.469,0.329
Pakistan,2016,5.549,8.465,0.627,56.075,0.634,0.084,0.793,0.503,0.332
Pakistan,2017,5.831,8.495,0.69,56.35,0.713,0.035,0.714,0.489,0.308
Pakistan,2018,5.472,8.54,0.685,56.625,0.773,0.058,0.799,0.47,0.377
Pakistan,2019,4.443,8.548,0.617,56.9,0.685,0.112,0.776,0.489,0.424
Pakistan,2020,4.624,8.518,0.594,57.175,0.767,0.003,0.833,0.47,0.376
Pakistan,2021,4.487,8.563,0.608,57.45,0.764,0.007,0.743,0.518,0.307
Pakistan,2022,4.931,8.604,0.59,57.725,0.745,0.0,0.865,0.469,0.368
Pakistan,2023,4.549,8.588,0.553,58.0,0.661,0.07,0.889,0.504,0.417
Panama,2015,6.606,10.294,0.883,68.3,0.847,-0.016,0.81,0.777,0.264
Panama,2016,6.118,10.325,0.882,68.4,0.884,-0.111,0.837,0.813,0.244
Panama,2017,6.568,10.362,0.912,68.5,0.9,-0.178,0.841,0.795,0.242
Panama,2018,6.281,10.382,0.904,68.6,0.861,-0.139,0.837,0.841,0.223
Panama,2019,6.086,10.398,0.886,68.7,0.883,-0.208,0.869,0.841,0.244
Panama,2021,6.553,10.323,0.899,68.9,0.811,-0.152,0.861,0.834,0.218
Panama,2022,5.979,10.412,0.891,69.0,0.899,-0.128,0.887,0.821,0.259
Panama,2023,6.543,10.455,0.887,69.1,0.852,-0.147,0.871,0.829,0.257
Paraguay,2015,5.56,9.458,0.914,65.6,0.806,-0.019,0.863,0.832,0.219
Paraguay,2016,5.801,9.485,0.94,65.65,0.854,-0.082,0.756,0.833,0.197
Paraguay,2017,5.713,9.518,0.902,65.7,0.891,-0.008,0.81,0.82,0.232
Paraguay,2019,5.653,9.519,0.892,65.8,0.876,0.017,0.882,0.79,0.275
Paraguay,2020,5.501,9.497,0.907,65.85,0.865,0.054,0.829,0.767,0.269
Paraguay,2021,5.576,9.523,0.908,65.9,0.888,0.015,0.857,0.806,0.248
Paraguay,2022,6.138,9.513,0.899,65.95,0.922,-0.014,0.839,0.821,0.238
Paraguay,2023,6.214,9.549,0.889,66.0,0.902,-0.004,0.835,0.833,0.24
Peru,2015,5.577,9.394,0.798,68.8,0.802,-0.095,0.884,0.744,0.378
Peru,2016,5.701,9.419,0.803,68.975,0.83,-0.139,0.866,0.791,0.338
Peru,2017,5.711,9.429,0.83,69.15,0.827,-0.16,0.895,0.768,0.394
Peru,2018,5.68,9.449,0.845,69.325,0.83,-0.184,0.906,0.783,0.38
Peru,2019,5.999,9.452,0.809,69.5,0.815,-0.135,0.874,0.794,0.375
Peru,2020,4.994,9.323,0.749,69.675,0.806,-0.094,0.912,0.736,0.481
Peru,2021,5.694,9.436,0.819,69.85,0.812,-0.09,0.88,0.784,0.369
Peru,2022,5.892,9.453,0.823,70.025,0.764,-0.18,0.884,0.755,0.378
Peru,2023,5.936,9.459,0.787,70.2,0.757,-0.061,0.919,0.765,0.37
Philippines,2015,5.547,8.887,0.854,61.9,0.912,-0.056,0.755,0.796,0.351
Philippines,2016,5.431,8.938,0.821,61.925,0.908,-0.076,0.792,0.807,0.29
Philippines,2017,5.594,8.987,0.851,61.95,0.926,-0.146,0.711,0.753,0.341
Philippines,2018,5.869,9.032,0.846,61.975,0.918,-0.112,0.726,0.756,0.393
Philippines,2019,6.268,9.075,0.845,62.0,0.91,-0.087,0.748,0.765,0.341
Philippines,2020,5.08,8.958,0.781,62.025,0.932,-0.114,0.744,0.793,0.327
Philippines,2021,5.965,8.999,0.778,62.05,0.905,-0.012,0.721,0.79,0.323
Philippines,2022,5.995,9.057,0.819,62.075,0.952,-0.155,0.757,0.833,0.301
Philippines,2023,6.184,9.102,0.796,62.1,0.932,-0.038,0.768,0.8,0.324
Poland,2015,6.007,10.228,0.893,68.0,0.793,-0.098,0.81,0.631,0.24
Poland,2016,6.162,10.258,0.917,68.175,0.871,-0.096,0.848,0.666,0.224
Poland,2017,6.201,10.308,0.882,68.35,0.831,-0.127,0.639,0.566,0.203
Poland,2018,6.111,10.365,0.863,68.525,0.87,-0.26,0.72,0.622,0.176
Poland,2019,6.242,10.409,0.878,68.7,0.883,-0.237,0.696,0.613,0.168
Poland,2020,6.139,10.39,0.953,68.875,0.767,-0.014,0.787,0.677,0.329
Poland,2021,5.978,10.461,0.936,69.05,0.732,0.122,0.744,0.7,0.277
Poland,2022,6.666,10.513,0.886,69.225,0.8,-0.209,0.667,0.594,0.14
Poland,2023,6.685,10.527,0.89,69.4,0.775,-0.232,0.662,0.556,0.155
Portugal,2015,5.081,10.346,0.866,70.5,0.8,-0.169,0.941,0.629,0.371
Portugal,2016,5.447,10.369,0.905,70.625,0.838,-0.231,0.922,0.659,0.326
Portugal,2017,5.711,10.406,0.9,70.75,0.905,-0.182,0.881,0.608,0.294
Portugal,2018,5.92,10.435,0.887,70.875,0.877,-0.267,0.88,0.646,0.318
Portugal,2019,6.095,10.462,0.876,71.0,0.882,-0.24,0.915,0.675,0.3
Portugal,2020,5.768,10.374,0.875,71.125,0.913,-0.244,0.867,0.614,0.383
Portugal,2021,6.183,10.425,0.895,71.25,0.892,-0.211,0.872,0.629,0.284
Portugal,2022,5.953,10.484,0.862,71.375,0.903,-0.139,0.893,0.638,0.316
Portugal,2023,5.954,10.504,0.895,71.5,0.847,-0.176,0.889,0.661,0.309
Romania,2015,5.777,10.083,0.787,66.3,0.796,-0.147,0.962,0.627,0.312
Romania,2016,5.969,10.117,0.809,66.425,0.822,-0.12,0.949,0.607,0.258
Romania,2017,6.09,10.201,0.811,66.55,0.839,-0.165,0.926,0.632,0.231
Romania,2018,6.151,10.266,0.818,66.675,0.845,-0.224,0.921,0.649,0.298
Romania,2019,6.13,10.309,0.842,66.8,0.848,-0.228,0.954,0.605,0.244
Romania,2020,6.785,10.277,0.869,66.925,0.863,-0.161,0.918,0.668,0.256
Romania,2021,6.549,10.341,0.835,67.05,0.871,-0.187,0.928,0.674,0.264
Romania,2022,6.437,10.396,0.83,67.175,0.836,-0.173,0.941,0.615,0.258
Romania,2023,6.489,10.431,0.826,67.3,0.849,-0.202,0.905,0.628,0.271
Russia,2015,5.996,10.146,0.924,62.7,0.685,-0.177,0.913,0.609,0.13
Russia,2016,5.855,10.146,0.911,63.075,0.714,-0.187,0.925,0.587,0.142
Russia,2017,5.579,10.163,0.896,63.45,0.731,-0.151,0.862,0.651,0.195
Russia,2018,5.514,10.191,0.909,63.825,0.729,-0.153,0.865,0.615,0.199
Russia,2019,5.441,10.213,0.91,64.2,0.715,-0.122,0.848,0.632,0.2
Russia,2020,5.495,10.188,0.887,64.575,0.714,-0.078,0.823,0.621,0.19
Russia,2021,5.448,10.247,0.862,64.95,0.671,0.053,0.808,0.59,0.19
Russia,2022,6.044,10.225,0.92,65.325,0.776,-0.074,0.767,0.614,0.211
Russia,2023,5.865,10.209,0.854,65.7,0.75,0.056,0.733,0.616,0.19
Saudi Arabia,2015,6.345,10.79,0.82,63.2,0.82,-0.05,,0.668,0.327
Saudi Arabia,2016,6.474,10.793,0.89,63.4,0.774,-0.138,,0.725,0.266
Saudi Arabia,2017,6.294,10.77,0.84,63.6,0.814,-0.138,,0.703,0.306
Saudi Arabia,2018,6.356,10.773,0.868,63.8,0.855,-0.198,,0.696,0.288
Saudi Arabia,2019,6.561,10.758,0.912,64.0,0.891,-0.153,,0.674,0.238
Saudi Arabia,2020,6.56,10.709,0.89,64.2,0.884,-0.117,,0.702,0.251
Saudi Arabia,2021,6.445,10.749,0.859,64.4,0.902,-0.108,,0.728,0.228
Saudi Arabia,2022,6.382,10.82,0.9,64.6,,-0.032,,0.677,0.205
Saudi Arabia,2023,6.953,10.829,0.884,64.8,,0.028,,0.737,0.24
Senegal,2015,4.617,8.01,0.702,58.2,0.72,-0.117,0.765,0.71,0.208
Senegal,2016,4.595,8.045,0.839,58.5,0.744,-0.092,0.794,0.781,0.245
Senegal,2017,4.683,8.089,0.744,58.8,0.687,-0.05,0.825,0.751,0.291
Senegal,2018,4.769,8.122,0.739,59.1,0.629,-0.08,0.805,0.724,0.247
Senegal,2019,5.489,8.14,0.688,59.4,0.759,-0.025,0.796,0.768,0.332
Senegal,2020,4.757,8.127,0.621,59.7,0.797,-0.052,0.855,0.816,0.268
Senegal,2021,4.903,8.164,0.645,60.0,0.759,0.026,0.821,0.812,0.265
Senegal,2022,4.907,8.179,0.609,60.3,0.758,0.049,0.854,0.813,0.287
Senegal,2023,5.093,8.2,0.668,60.6,0.798,0.048,0.836,0.825,0.258
Serbia,2015,5.318,9.654,0.816,66.4,0.546,-0.068,0.859,0.472,0.303
Serbia,2016,5.753,9.692,0.895,66.525,0.614,-0.074,0.89,0.492,0.298
Serbia,2017,5.122,9.718,0.884,66.65,0.685,-0.084,0.851,0.485,0.326
Serbia,2018,5.936,9.767,0.853,66.775,0.74,-0.106,0.864,0.527,0.296
Serbia,2019,6.241,9.815,0.903,66.9,0.753,-0.046,0.813,0.474,0.242
Serbia,2020,6.042,9.813,0.852,67.025,0.843,0.142,0.824,0.579,0.358
Serbia,2021,6.245,9.895,0.89,67.15,0.85,0.261,0.806,0.568,0.311
Serbia,2022,6.546,9.928,0.896,67.275,0.782,0.074,0.801,0.514,0.275
Serbia,2023,6.441,9.961,0.895,67.4,0.807,0.085,0.782,0.526,0.206
Sierra Leone,2015,4.909,7.324,0.611,49.7,0.624,0.047,0.825,0.626,0.414
Sierra Leone,2016,4.733,7.361,0.657,50.5,0.681,0.103,0.863,0.616,0.456
Sierra Leone,2017,4.09,7.374,0.652,51.3,0.711,0.076,0.848,0.607,0.495
Sierra Leone,2018,4.306,7.384,0.65,52.1,0.716,0.093,0.856,0.533,0.466
Sierra Leone,2019,3.447,7.412,0.611,52.9,0.718,0.072,0.874,0.521,0.438
Sierra Leone,2021,3.714,7.387,0.609,54.5,0.659,0.106,0.851,0.538,0.448
Sierra Leone,2022,2.56,7.4,0.502,55.3,0.66,0.097,0.862,0.494,0.505
Sierra Leone,2023,3.467,7.412,0.601,56.1,0.694,0.101,0.866,0.504,0.43
Singapore,2015,6.62,11.399,0.866,73.2,0.887,0.144,0.099,0.736,0.142
Singapore,2016,6.033,11.422,0.925,73.3,0.904,0.137,0.047,0.745,0.111
Singapore,2017,6.378,11.465,0.897,73.4,0.926,0.129,0.162,0.75,0.179
Singapore,2018,6.375,11.496,0.903,73.5,0.916,-0.073,0.097,0.731,0.107
Singapore,2019,6.378,11.497,0.925,73.6,0.938,0.02,0.07,0.674,0.138
Singapore,2021,6.587,11.587,0.876,73.8,0.879,0.06,0.145,0.697,0.16
Singapore,2022,6.333,11.59,0.852,73.9,0.873,0.088,,0.688,0.209
Slovakia,2015,6.162,10.268,0.943,67.6,0.587,-0.132,0.928,0.632,0.269
Slovakia,2016,5.993,10.286,0.945,67.825,0.7,-0.065,0.917,0.688,0.232
Slovakia,2017,6.366,10.314,0.913,68.05,0.714,-0.059,0.92,0.709,0.213
Slovakia,2018,6.235,10.352,0.922,68.275,0.758,-0.172,0.91,0.67,0.253
Slovakia,2019,6.243,10.375,0.933,68.5,0.771,-0.133,0.926,0.676,0.252
Slovakia,2020,6.519,10.34,0.954,68.725,0.762,-0.081,0.901,0.695,0.274
Slovakia,2021,6.419,10.39,0.951,68.95,0.742,0.042,0.896,0.692,0.241
Slovakia,2022,6.091,10.409,0.961,69.175,0.732,-0.129,0.841,0.665,0.263
Slovakia,2023,6.261,10.425,0.941,69.4,0.753,-0.136,0.825,0.647,0.235
Slovenia,2015,5.741,10.428,0.901,70.0,0.896,0.002,0.892,0.644,0.261
Slovenia,2016,5.937,10.459,0.934,70.175,0.904,-0.06,0.838,0.597,0.272
Slovenia,2017,6.167,10.505,0.928,70.35,0.921,-0.031,0.829,0.582,0.286
Slovenia,2018,6.249,10.545,0.941,70.525,0.942,-0.125,0.839,0.601,0.275
Slovenia,2019,6.665,10.572,0.949,70.7,0.945,-0.108,0.785,0.622,0.228
Slovenia,2020,6.462,10.521,0.953,70.875,0.958,-0.09,0.797,0.575,0.314
Slovenia,2021,6.761,10.598,0.955,71.05,0.851,0.026,0.754,0.643,0.261
Slovenia,2022,6.723,10.65,0.942,71.225,0.93,0.099,0.762,0.625,0.242
Slovenia,2023,6.746,10.664,0.911,71.4,0.931,0.031,0.75,0.615,0.256
South Africa,2015,4.887,9.539,0.898,54.1,0.862,-0.138,0.853,0.717,0.161
South Africa,2016,4.77,9.536,0.875,54.625,0.774,-0.082,0.813,0.743,0.301
South Africa,2017,4.514,9.543,0.87,55.15,0.787,-0.141,0.865,0.709,0.268
South Africa,2018,4.884,9.546,0.841,55.675,0.753,-0.063,0.841,0.736,0.283
South Africa,2019,5.035,9.536,0.848,56.2,0.738,-0.147,0.82,0.727,0.268
South Africa,2020,4.947,9.458,0.891,56.725,0.757,-0.03,0.912,0.761,0.294
South Africa,2021,5.599,9.496,0.922,57.25,0.704,-0.148,0.892,0.784,0.173
South Africa,2022,5.581,9.508,0.887,57.775,0.713,-0.071,0.908,0.744,0.239
South Africa,2023,5.076,9.503,0.839,58.3,0.748,-0.109,0.861,0.708,0.255
South Korea,2015,5.78,10.567,0.768,72.0,0.616,-0.041,0.841,0.561,0.244
South Korea,2016,5.971,10.592,0.811,72.275,0.591,0.02,0.862,0.583,0.233
South Korea,2017,5.874,10.62,0.807,72.55,0.538,0.008,0.851,0.546,0.235
South Korea,2018,5.84,10.645,0.798,72.825,0.6,-0.095,0.797,0.579,0.217
South Korea,2019,5.903,10.663,0.783,73.1,0.706,-0.061,0.718,0.593,0.236
South Korea,2020,5.793,10.655,0.808,73.375,0.711,-0.112,0.665,0.55,0.247
South Korea,2021,6.113,10.697,0.811,73.65,0.717,-0.033,0.685,0.566,0.221
South Korea,2022,5.95,10.725,0.81,73.925,0.723,0.002,0.747,0.585,0.233
South Korea,2023,6.112,10.742,0.799,74.2,0.762,-0.004,0.714,0.603,0.245
Spain,2015,6.381,10.529,0.956,71.6,0.732,-0.078,0.822,0.705,0.285
Spain,2016,6.319,10.558,0.942,71.725,0.768,-0.054,0.819,0.63,0.301
Spain,2017,6.23,10.585,0.903,71.85,0.756,-0.038,0.791,0.601,0.302
Spain,2018,6.513,10.604,0.91,71.975,0.722,-0.081,0.777,0.636,0.357
Spain,2019,6.457,10.616,0.949,72.1,0.778,-0.054,0.73,0.636,0.316
Spain,2020,6.502,10.491,0.935,72.225,0.783,-0.127,0.73,0.671,0.317
Spain,2021,6.47,10.544,0.926,72.35,0.782,-0.076,0.729,0.639,0.324
Spain,2022,6.337,10.592,0.934,72.475,0.781,-0.001,0.673,0.636,0.32
Spain,2023,6.456,10.609,0.912,72.6,0.779,-0.004,0.675,0.655,0.325
Sri Lanka,2015,4.612,9.41,0.863,66.6,0.902,0.312,0.859,0.789,0.235
Sri Lanka,2017,4.331,9.514,0.823,66.8,0.827,0.083,0.844,0.729,0.27
Sri Lanka,2018,4.435,9.529,0.833,66.9,0.859,0.096,0.856,0.773,0.302
Sri Lanka,2019,4.213,9.521,0.815,67.0,0.824,0.043,0.863,0.753,0.315
Sri Lanka,2020,4.778,9.468,0.842,67.1,0.803,-0.05,0.768,0.758,0.285
Sri Lanka,2021,4.103,9.492,0.812,67.2,0.771,-0.013,0.849,0.733,0.312
Sri Lanka,2022,3.985,9.409,0.825,67.3,0.74,0.038,0.9,0.715,0.321
Sri Lanka,2023,3.602,9.364,0.79,67.4,0.754,0.05,0.922,0.709,0.353
Sweden,2015,7.289,10.838,0.929,71.4,0.935,0.206,0.232,0.766,0.191
Sweden,2016,7.369,10.846,0.912,71.525,0.918,0.141,0.246,0.752,0.201
Sweden,2017,7.287,10.858,0.914,71.65,0.935,0.165,0.239,0.756,0.175
Sweden,2018,7.375,10.866,0.931,71.775,0.942,0.072,0.263,0.747,0.161
Sweden,2019,7.398,10.875,0.934,71.9,0.942,0.085,0.25,0.775,0.202
Sweden,2020,7.314,10.846,0.936,72.025,0.951,0.084,0.203,0.717,0.222
Sweden,2021,7.439,10.893,0.932,72.15,0.953,0.172,0.191,0.763,0.19
Sweden,2022,7.431,10.912,0.949,72.275,0.939,0.232,0.213,0.75,0.163
Sweden,2023,7.161,10.902,0.927,72.4,0.926,0.147,0.253,0.739,0.194
Switzerland,2015,7.572,11.116,0.938,71.7,0.928,0.102,0.21,0.794,0.166
Switzerland,2016,7.459,11.126,0.928,71.9,0.934,0.081,0.302,0.758,0.206
Switzerland,2017,7.474,11.13,0.95,72.1,0.925,0.173,0.316,0.734,0.196
Switzerland,2018,7.509,11.151,0.93,72.3,0.926,0.094,0.301,0.756,0.192
Switzerland,2019,7.694,11.155,0.949,72.5,0.913,0.029,0.294,0.743,0.171
Switzerland,2020,7.508,11.124,0.946,72.7,0.917,-0.073,0.28,0.73,0.193
Switzerland,2021,7.328,11.158,0.934,72.9,0.908,0.024,0.287,0.747,0.183
Switzerland,2022,6.884,11.17,0.881,73.1,0.848,0.128,0.235,0.71,0.18
Switzerland,2023,6.969,11.169,0.904,73.3,0.891,0.104,0.247,0.745,0.185
Tajikistan,2015,5.124,7.993,0.844,61.4,0.847,0.013,0.742,0.633,0.196
Tajikistan,2016,5.104,8.036,0.857,61.55,0.703,0.001,0.632,0.587,0.22
Tajikistan,2017,5.829,8.082,0.663,61.7,0.832,0.116,0.718,0.581,0.278
Tajikistan,2018,5.497,8.133,0.875,61.85,,-0.074,0.578,0.632,0.22
Tajikistan,2019,5.464,8.182,0.88,62.0,,-0.054,0.49,0.663,0.178
Tajikistan,2020,5.373,8.203,0.79,62.15,,-0.054,0.55,0.652,0.344
Tajikistan,2021,5.287,8.271,0.883,62.3,,-0.071,0.499,0.655,0.24
Tajikistan,2022,5.176,8.328,0.865,62.45,,-0.003,0.397,0.71,0.22
Tajikistan,2023,5.379,8.371,0.871,62.6,,-0.054,0.482,0.638,0.231
Tanzania,2015,3.661,7.743,0.79,56.7,0.759,0.145,0.906,0.607,0.192
Tanzania,2016,2.903,7.775,0.638,57.15,0.775,0.175,0.739,0.649,0.246
Tanzania,2017,3.347,7.807,0.705,57.6,0.8,0.112,0.654,0.662,0.255
Tanzania,2018,3.445,7.828,0.675,58.05,0.807,0.15,0.612,0.702,0.221
Tanzania,2019,3.64,7.855,0.687,58.5,0.85,0.097,0.589,0.679,0.243
Tanzania,2020,3.786,7.844,0.74,58.95,0.83,0.293,0.521,0.667,0.271
Tanzania,2021,3.681,7.857,0.619,59.4,0.822,0.11,0.546,0.648,0.246
Tanzania,2022,3.616,7.872,0.6,59.85,0.856,0.133,0.584,0.707,0.195
Tanzania,2023,4.042,7.893,0.663,60.3,0.862,0.122,0.609,0.702,0.21
Thailand,2015,6.202,9.675,0.866,68.0,0.885,0.312,0.914,0.884,0.174
Thailand,2016,6.074,9.705,0.908,68.075,0.924,0.352,0.878,0.811,0.218
Thailand,2017,5.939,9.741,0.877,68.15,0.923,0.208,0.884,0.776,0.232
Thailand,2018,6.012,9.78,0.873,68.225,0.905,0.255,0.907,0.783,0.198
Thailand,2019,6.022,9.798,0.903,68.3,0.898,0.305,0.877,0.792,0.208
Thailand,2020,5.885,9.733,0.867,68.375,0.84,0.27,0.918,0.77,0.326
Thailand,2021,5.638,9.746,0.883,68.45,0.836,0.29,0.943,0.719,0.298
Thailand,2022,6.007,9.77,0.867,68.525,0.881,0.299,0.868,0.773,0.218
Thailand,2023,6.282,9.807,0.873,68.6,0.926,0.338,0.889,0.811,0.217
Togo,2015,3.768,7.54,0.479,54.2,0.772,-0.092,0.733,0.597,0.416
Togo,2016,3.879,7.569,0.509,54.7,0.73,-0.031,0.815,0.61,0.483
Togo,2017,4.361,7.587,0.508,55.2,0.717,-0.066,0.726,0.614,0.426
Togo,2018,4.023,7.613,0.596,55.7,0.612,-0.031,0.809,0.602,0.446
Togo,2019,4.179,7.637,0.539,56.2,0.617,0.041,0.737,0.606,0.444
Togo,2021,4.037,7.667,0.603,57.2,0.619,0.037,0.766,0.628,0.417
Togo,2022,4.239,7.7,0.579,57.7,0.696,0.002,0.713,0.594,0.414
Togo,2023,4.365,7.725,0.547,58.2,0.665,-0.071,0.685,0.546,0.362
Tunisia,2015,5.132,9.283,0.609,66.7,0.711,-0.233,0.815,0.514,0.32
Tunisia,2016,4.521,9.283,0.702,66.75,0.614,-0.172,0.811,0.532,0.378
Tunisia,2017,4.124,9.294,0.717,66.8,0.478,-0.226,0.869,0.367,0.377
Tunisia,2018,4.741,9.31,0.733,66.85,0.65,-0.199,0.84,0.536,0.365
Tunisia,2019,4.315,9.316,0.61,66.9,0.659,-0.217,0.889,0.459,0.433
Tunisia,2020,4.731,9.214,0.719,66.95,0.668,-0.206,0.877,0.519,0.439
Tunisia,2021,4.499,9.249,0.711,67.0,0.591,-0.206,0.933,0.451,0.336
Tunisia,2022,4.261,9.267,0.755,67.05,0.474,-0.233,0.908,0.458,0.304
Tunisia,2023,4.505,9.282,0.702,67.1,0.482,-0.226,0.882,0.461,0.364
Türkiye,2015,5.514,10.15,0.851,67.7,0.653,-0.021,0.806,0.391,0.382
Türkiye,2016,5.326,10.166,0.88,67.875,0.644,-0.07,0.764,0.414,0.39
Türkiye,2017,5.607,10.225,0.876,68.05,0.644,-0.242,0.671,0.393,0.313
Türkiye,2018,5.186,10.246,0.847,68.225,0.529,-0.181,0.805,0.379,0.351
Türkiye,2019,4.872,10.245,0.792,68.4,0.631,-0.141,0.76,0.347,0.368
Türkiye,2020,4.862,10.257,0.857,68.575,0.51,-0.119,0.774,0.332,0.44
Türkiye,2021,4.367,10.357,0.736,68.75,0.447,-0.039,0.81,0.297,0.471
Türkiye,2022,5.093,10.404,0.83,68.925,0.47,-0.195,0.767,0.311,0.39
Türkiye,2023,5.463,10.429,0.86,69.1,0.523,-0.159,0.748,0.344,0.349
Uganda,2015,4.238,7.654,0.747,56.3,0.758,0.128,0.873,0.679,0.353
Uganda,2016,4.233,7.667,0.754,56.775,0.739,0.125,0.811,0.665,0.41
Uganda,2017,4.001,7.663,0.74,57.25,0.772,0.053,0.816,0.689,0.4
Uganda,2018,4.322,7.69,0.74,57.725,0.729,0.072,0.856,0.687,0.39
Uganda,2019,4.948,7.719,0.805,58.2,0.704,0.132,0.826,0.689,0.385
Uganda,2020,4.641,7.714,0.8,58.675,0.687,0.14,0.878,0.705,0.425
Uganda,2021,4.225,7.717,0.793,59.15,0.711,0.081,0.835,0.699,0.359
Uganda,2022,4.425,7.733,0.781,59.625,0.72,0.135,0.836,0.708,0.439
Uganda,2023,4.467,7.759,0.827,60.1,0.848,0.067,0.912,0.726,0.376
Ukraine,2015,3.965,9.325,0.909,63.8,0.431,-0.039,0.952,0.531,0.241
Ukraine,2016,4.029,9.353,0.885,63.925,0.503,0.005,0.891,0.55,0.22
Ukraine,2017,4.311,9.381,0.858,64.05,0.599,-0.008,0.937,0.528,0.235
Ukraine,2018,4.662,9.42,0.901,64.175,0.663,-0.08,0.943,0.55,0.222
Ukraine,2019,4.702,9.458,0.883,64.3,0.715,-0.087,0.885,0.549,0.201
Ukraine,2020,5.27,9.426,0.885,64.425,0.784,0.121,0.946,0.629,0.285
Ukraine,2021,5.311,9.469,0.879,64.55,0.77,0.166,0.922,0.575,0.25
Ukraine,2022,4.637,9.281,0.863,64.675,0.829,0.408,0.852,0.527,0.39
Ukraine,2023,4.672,9.423,0.839,64.8,0.772,0.37,0.922,0.49,0.385
United Arab Emirates,2015,6.568,11.128,0.824,65.4,0.915,0.192,,0.722,0.296
United Arab Emirates,2016,6.831,11.174,0.849,65.55,0.949,0.12,,0.739,0.245
United Arab Emirates,2017,7.039,11.173,0.836,65.7,0.962,0.206,,0.737,0.208
United Arab Emirates,2018,6.604,11.178,0.851,65.85,0.944,0.043,,0.723,0.302
United Arab Emirates,2019,6.711,11.181,0.862,66.0,0.911,0.118,,0.73,0.284
United Arab Emirates,2020,6.458,11.122,0.827,66.15,0.942,0.049,,0.702,0.298
United Arab Emirates,2021,6.733,11.152,0.826,66.3,0.951,0.15,,0.697,0.217
United Arab Emirates,2022,6.738,11.216,0.798,66.45,0.932,0.168,,0.715,0.242
United Arab Emirates,2023,6.728,11.236,0.776,66.6,0.886,0.155,,0.655,0.304
United Kingdom,2015,6.515,10.707,0.936,69.7,0.833,0.294,0.456,0.74,0.219
United Kingdom,2016,6.824,10.721,0.954,69.8,0.821,0.244,0.458,0.732,0.23
United Kingdom,2017,7.103,10.739,0.937,69.9,0.813,0.285,0.419,0.712,0.21
United Kingdom,2018,7.233,10.75,0.928,70.0,0.838,0.22,0.404,0.736,0.228
United Kingdom,2019,7.157,10.76,0.943,70.1,0.854,0.264,0.485,0.739,0.251
United Kingdom,2020,6.798,10.639,0.929,70.2,0.885,0.196,0.49,0.717,0.225
United Kingdom,2021,6.867,10.713,0.854,70.3,0.815,0.252,0.448,0.684,0.266
United Kingdom,2022,6.722,10.754,0.863,70.4,0.857,0.308,0.426,0.723,0.27
United Kingdom,2023,6.658,10.759,0.886,70.5,0.874,0.27,0.49,0.719,0.272
United States,2015,6.864,10.975,0.904,66.6,0.849,0.213,0.698,0.769,0.275
United States,2016,6.804,10.985,0.897,66.475,0.758,0.138,0.739,0.737,0.264
United States,2017,6.992,11.001,0.921,66.35,0.868,0.191,0.681,0.755,0.268
United States,2018,6.883,11.024,0.904,66.225,0.825,0.11,0.71,0.757,0.292
United States,2019,6.944,11.042,0.917,66.1,0.836,0.138,0.707,0.755,0.244
United States,2020,7.028,11.005,0.937,65.975,0.85,0.028,0.678,0.722,0.295
United States,2021,6.959,11.061,0.92,65.85,0.816,0.188,0.687,0.74,0.277
United States,2022,6.693,11.078,0.9,65.725,0.736,0.189,0.701,0.712,0.267
United States,2023,6.521,11.089,0.861,65.6,0.721,0.185,0.722,0.706,0.284
Uruguay,2015,6.628,10.032,0.891,67.5,0.917,-0.045,0.673,0.812,0.3
Uruguay,2016,6.171,10.045,0.9,67.5,0.886,-0.085,0.676,0.735,0.283
Uruguay,2017,6.336,10.06,0.914,67.5,0.898,-0.104,0.627,0.742,0.28
Uruguay,2018,6.372,10.06,0.917,67.5,0.876,-0.109,0.683,0.775,0.275
Uruguay,2019,6.6,10.067,0.933,67.5,0.903,-0.107,0.599,0.764,0.222
Uruguay,2020,6.31,10.002,0.921,67.5,0.908,-0.094,0.491,0.721,0.265
Uruguay,2021,6.502,10.054,0.914,67.5,0.899,-0.054,0.606,0.746,0.263
Uruguay,2022,6.671,10.103,0.905,67.5,0.878,-0.055,0.631,0.775,0.267
Uruguay,2023,6.662,10.122,0.908,67.5,0.904,-0.05,0.662,0.753,0.265
Uzbekistan,2015,5.972,8.764,0.968,63.5,0.98,0.366,0.471,0.778,0.103
Uzbekistan,2016,5.893,8.804,0.945,63.8,0.984,0.199,,0.771,0.147
Uzbekistan,2017,6.421,8.831,0.942,64.1,0.985,0.114,0.465,0.745,0.203
Uzbekistan,2018,6.205,8.87,0.921,64.4,0.97,0.308,0.52,0.746,0.209
Uzbekistan,2019,6.154,8.91,0.915,64.7,0.97,0.295,0.511,0.751,0.22
Uzbekistan,2020,5.842,8.91,0.85,65.0,0.928,0.19,0.642,0.678,0.279
Uzbekistan,2021,6.185,8.962,0.896,65.3,0.927,0.183,0.662,0.698,0.233
Uzbekistan,2022,6.016,8.996,0.879,65.6,0.959,0.306,0.616,0.741,0.225
Uzbekistan,2023,6.385,9.026,0.909,65.9,0.927,0.247,0.65,0.752,0.202
Vietnam,2015,5.076,8.999,0.849,64.9,,0.064,,0.583,0.232
Vietnam,2016,5.062,9.053,0.876,65.0,0.894,-0.112,0.799,0.487,0.223
Vietnam,2017,5.175,9.111,,65.1,,,,,
Vietnam,2018,5.296,9.173,0.832,65.2,0.909,-0.063,0.808,0.614,0.191
Vietnam,2019,5.467,9.235,0.848,65.3,0.952,-0.148,0.788,0.658,0.186
Vietnam,2020,5.462,9.254,0.765,65.4,0.945,0.063,0.791,0.699,0.286
Vietnam,2021,5.54,9.271,0.799,65.5,0.897,0.104,0.798,0.651,0.28
Vietnam,2022,6.267,9.341,0.879,65.6,0.975,-0.182,0.703,0.774,0.108
Vietnam,2023,6.325,9.392,0.845,65.7,0.956,-0.159,0.655,0.71,0.12
Zambia,2015,4.843,8.121,0.691,52.7,0.759,-0.042,0.871,0.634,0.382
Zambia,2016,4.348,8.127,0.767,53.125,0.812,0.119,0.771,0.688,0.372
Zambia,2017,3.933,8.13,0.744,53.55,0.823,0.137,0.74,0.66,0.387
Zambia,2018,4.041,8.139,0.718,53.975,0.791,0.045,0.811,0.662,0.351
Zambia,2019,3.307,8.123,0.638,54.4,0.811,0.074,0.832,0.674,0.394
Zambia,2020,4.838,8.066,0.767,54.825,0.75,0.054,0.81,0.679,0.345
Zambia,2021,3.082,8.082,0.619,55.25,0.833,0.138,0.824,0.656,0.349
Zambia,2022,3.728,8.101,0.717,55.675,0.889,-0.009,0.716,0.66,0.309
Zambia,2023,3.686,8.115,0.664,56.1,0.854,0.092,0.814,0.653,0.359
Zimbabwe,2015,3.703,7.747,0.736,51.2,0.667,-0.111,0.81,0.639,0.179
Zimbabwe,2016,3.735,7.735,0.768,51.675,0.733,-0.082,0.724,0.685,0.209
Zimbabwe,2017,3.638,7.754,0.754,52.15,0.753,-0.084,0.751,0.734,0.224
Zimbabwe,2018,3.616,7.783,0.775,52.625,0.763,-0.055,0.844,0.658,0.212
Zimbabwe,2019,2.694,7.698,0.759,53.1,0.632,-0.051,0.831,0.658,0.235
Zimbabwe,2020,3.16,7.596,0.717,53.575,0.643,0.003,0.789,0.661,0.346
Zimbabwe,2021,3.155,7.657,0.685,54.05,0.668,-0.079,0.757,0.61,0.242
Zimbabwe,2022,3.296,7.67,0.666,54.525,0.652,-0.073,0.753,0.641,0.191
Zimbabwe,2023,3.572,7.679,0.694,55.0,0.735,-0.069,0.757,0.61,0.179
