country_name,year,life_ladder,log_gdp_per_capita,healthy_life_expectancy_at_birth
Albania,2015,4.607,9.382,69.0
Albania,2016,4.511,9.417,69.025
Albania,2017,4.64,9.455,69.05
Albania,2018,5.004,9.497,69.075
Albania,2019,4.995,9.522,69.1
Albania,2020,5.365,9.494,69.125
Albania,2021,5.255,9.588,69.15
Albania,2022,5.212,9.649,69.175
Albania,2023,5.445,9.689,69.2
Algeria,2016,5.341,9.383,66.1
Algeria,2017,5.249,9.377,66.2
Algeria,2018,5.043,9.37,66.3
Algeria,2019,4.745,9.361,66.4
Algeria,2020,5.438,9.291,66.5
Algeria,2021,5.217,9.308,66.6
Algeria,2022,5.538,9.323,66.7
Argentina,2015,6.697,10.083,66.9
Argentina,2016,6.427,10.051,66.95
Argentina,2017,6.039,10.069,67.0
Argentina,2018,5.793,10.032,67.05
Argentina,2019,6.086,10.002,67.1
Argentina,2020,5.901,9.888,67.15
Argentina,2021,5.908,9.977,67.2
Argentina,2022,6.261,10.019,67.25
Argentina,2023,6.393,9.994,67.3
Armenia,2015,4.348,9.351,66.0
Armenia,2016,4.325,9.357,66.275
Armenia,2017,4.288,9.434,66.55
Armenia,2018,5.062,9.49,66.825
Armenia,2019,5.488,9.569,67.1
Armenia,2021,5.301,9.561,67.65
Armenia,2022,5.382,9.683,67.925
Armenia,2023,5.679,9.73,68.2
Australia,2015,7.309,10.77,70.6
Australia,2016,7.25,10.781,70.675
Australia,2017,7.257,10.787,70.75
Australia,2018,7.177,10.801,70.825
Australia,2019,7.234,10.807,70.9
Australia,2020,7.137,10.794,70.975
Australia,2021,7.112,10.815,71.05
Australia,2022,7.035,10.84,71.125
Australia,2023,7.025,10.846,71.2
Austria,2015,7.076,10.876,70.4
Austria,2016,7.048,10.885,70.525
Austria,2017,7.294,10.9,70.65
Austria,2018,7.396,10.919,70.775
Austria,2019,7.195,10.93,70.9
Austria,2020,7.213,10.859,71.025
Austria,2021,7.08,10.899,71.15
Austria,2022,6.999,10.938,71.275
Austria,2023,6.636,10.93,71.4
Azerbaijan,2015,5.147,9.606,63.1
Azerbaijan,2016,5.304,9.563,63.225
Azerbaijan,2017,5.152,9.555,63.35
Azerbaijan,2018,5.168,9.562,63.475
Azerbaijan,2019,5.173,9.578,63.6
Azerbaijan,2022,4.576,9.619,63.975
Azerbaijan,2023,5.214,9.637,64.1
Bangladesh,2015,4.633,8.375,63.8
Bangladesh,2016,4.556,8.431,63.925
Bangladesh,2017,4.31,8.483,64.05
Bangladesh,2018,4.499,8.542,64.175
Bangladesh,2019,5.114,8.607,64.3
Bangladesh,2020,5.28,8.629,64.425
Bangladesh,2021,4.123,8.685,64.55
Bangladesh,2022,3.408,8.742,64.675
Bangladesh,2023,4.114,8.783,64.8
Belgium,2015,6.904,10.809,70.0
Belgium,2016,6.949,10.816,70.15
Belgium,2017,6.928,10.829,70.3
Belgium,2018,6.892,10.842,70.45
Belgium,2019,6.772,10.859,70.6
Belgium,2020,6.839,10.799,70.75
Belgium,2021,6.882,10.856,70.9
Belgium,2022,6.857,10.881,71.05
Belgium,2023,6.944,10.883,71.2
Benin,2015,3.625,7.955,54.3
Benin,2016,4.007,7.958,54.6
Benin,2017,4.853,7.984,54.9
Benin,2018,5.82,8.02,55.2
Benin,2019,4.976,8.057,55.5
Benin,2020,4.408,8.067,55.8
Benin,2021,4.493,8.108,56.1
Benin,2022,4.217,8.142,56.4
Benin,2023,4.42,8.174,56.7
Bolivia,2015,5.834,8.965,62.7
Bolivia,2016,5.77,8.991,62.85
Bolivia,2017,5.651,9.017,63.0
Bolivia,2018,5.916,9.044,63.15
Bolivia,2019,5.674,9.051,63.3
Bolivia,2020,5.559,8.946,63.45
Bolivia,2021,5.569,8.994,63.6
Bolivia,2022,5.929,9.012,63.75
Bolivia,2023,5.86,9.025,63.9
Bosnia and Herzegovina,2015,5.117,9.428,67.0
Bosnia and Herzegovina,2016,5.181,9.473,67.05
Bosnia and Herzegovina,2017,5.09,9.517,67.1
Bosnia and Herzegovina,2018,5.887,9.566,67.15
Bosnia and Herzegovina,2019,6.016,9.606,67.2
Bosnia and Herzegovina,2020,5.516,9.588,67.25
Bosnia and Herzegovina,2021,5.749,9.674,67.3
Bosnia and Herzegovina,2022,5.872,9.723,67.35
Bosnia and Herzegovina,2023,6.009,9.759,67.4
Botswana,2015,3.762,9.524,52.8
Botswana,2016,3.499,9.573,53.075
Botswana,2017,3.505,9.593,53.35
Botswana,2018,3.461,9.613,53.625
Botswana,2019,3.471,9.624,53.9
Botswana,2022,3.435,9.65,54.725
Botswana,2023,3.332,9.673,55.0
Brazil,2015,6.547,9.617,64.7
Brazil,2016,6.375,9.575,64.875
Brazil,2017,6.333,9.58,65.05
Brazil,2018,6.191,9.59,65.225
Brazil,2019,6.451,9.595,65.4
Brazil,2020,6.11,9.555,65.575
Brazil,2021,6.01,9.598,65.75
Brazil,2022,6.257,9.622,65.925
Brazil,2023,6.553,9.635,66.1
Bulgaria,2015,4.865,9.903,65.9
Bulgaria,2016,4.838,9.94,66.0
Bulgaria,2017,5.097,9.974,66.1
Bulgaria,2018,5.099,10.008,66.2
Bulgaria,2019,5.108,10.055,66.3
Bulgaria,2020,5.598,10.02,66.4
Bulgaria,2021,5.422,10.102,66.5
Bulgaria,2022,5.378,10.197,66.6
Bulgaria,2023,5.59,10.273,66.7
Burkina Faso,2015,4.419,7.53,53.4
Burkina Faso,2016,4.206,7.558,53.775
Burkina Faso,2017,4.647,7.59,54.15
Burkina Faso,2018,4.927,7.626,54.525
Burkina Faso,2019,4.741,7.654,54.9
Burkina Faso,2020,4.64,7.647,55.275
Burkina Faso,2021,4.636,7.687,55.65
Burkina Faso,2023,4.462,7.693,56.4
Cambodia,2015,4.162,8.179,60.7
Cambodia,2016,4.461,8.233,60.9
Cambodia,2017,4.586,8.287,61.1
Cambodia,2018,5.122,8.347,61.3
Cambodia,2019,4.998,8.404,61.5
Cambodia,2020,4.377,8.361,61.7
Cambodia,2021,4.555,8.379,61.9
Cambodia,2022,4.25,8.419,62.1
Cambodia,2023,4.221,8.462,62.3
Cameroon,2015,5.038,8.193,51.8
Cameroon,2016,4.816,8.207,52.475
Cameroon,2017,5.074,8.214,53.15
Cameroon,2018,5.251,8.225,53.825
Cameroon,2019,4.937,8.231,54.5
Cameroon,2020,5.241,8.207,55.175
Cameroon,2021,4.963,8.216,55.85
Cameroon,2022,4.712,8.225,56.525
Cameroon,2023,4.946,8.238,57.2
Canada,2015,7.413,10.769,71.1
Canada,2016,7.245,10.768,71.15
Canada,2017,7.415,10.786,71.2
Canada,2018,7.175,10.799,71.25
Canada,2019,7.109,10.803,71.3
Canada,2020,7.025,10.74,71.35
Canada,2021,6.939,10.783,71.4
Canada,2022,6.918,10.799,71.45
Canada,2023,6.841,10.794,71.5
Chad,2015,4.323,7.525,50.5
Chad,2016,4.029,7.429,50.875
Chad,2017,4.559,7.365,51.25
Chad,2018,4.486,7.355,51.625
Chad,2019,4.251,7.354,52.0
Chad,2022,4.397,7.253,53.125
Chad,2023,4.544,7.254,53.5
Chile,2015,6.533,10.105,69.4
Chile,2016,6.579,10.11,69.55
Chile,2017,6.32,10.108,69.7
Chile,2018,6.436,10.13,69.85
Chile,2019,5.942,10.119,70.0
Chile,2020,6.151,10.042,70.15
Chile,2021,6.436,10.143,70.3
Chile,2022,6.415,10.161,70.45
Chile,2023,6.23,10.155,70.6
China,2015,5.304,9.442,68.0
China,2016,5.325,9.503,68.125
China,2017,5.099,9.564,68.25
China,2018,5.131,9.625,68.375
China,2019,5.144,9.679,68.5
China,2020,5.771,9.699,68.625
China,2021,5.863,9.779,68.75
China,2023,6.145,9.861,69.0
Colombia,2015,6.388,9.562,68.3
Colombia,2016,6.234,9.572,68.475
Colombia,2017,6.157,9.57,68.65
Colombia,2018,5.984,9.577,68.825
Colombia,2019,6.35,9.59,69.0
Colombia,2020,5.709,9.5,69.175
Colombia,2021,5.29,9.593,69.35
Colombia,2022,5.892,9.658,69.525
Colombia,2023,5.904,9.667,69.7
Congo (Brazzaville),2015,4.691,8.519,54.9
Congo (Brazzaville),2016,4.119,8.381,55.225
Congo (Brazzaville),2017,4.884,8.312,55.55
Congo (Brazzaville),2018,5.49,8.239,55.875
Congo (Brazzaville),2019,5.213,8.215,56.2
Congo (Brazzaville),2020,5.079,8.127,56.525
Congo (Brazzaville),2021,4.921,8.082,56.85
Congo (Brazzaville),2022,5.805,8.074,57.175
Congo (Brazzaville),2023,4.954,8.086,57.5
Costa Rica,2015,6.854,9.85,70.0
Costa Rica,2016,7.136,9.881,70.0
Costa Rica,2017,7.225,9.912,70.0
Costa Rica,2018,7.141,9.928,70.0
Costa Rica,2019,6.998,9.944,70.0
Costa Rica,2020,6.338,9.892,70.0
Costa Rica,2021,6.408,9.961,70.0
Costa Rica,2022,7.077,9.998,70.0
Costa Rica,2023,7.384,10.021,70.0
Croatia,2015,5.205,10.124,67.9
Croatia,2016,5.417,10.166,68.075
Croatia,2017,5.343,10.211,68.25
Croatia,2018,5.536,10.248,68.425
Croatia,2019,5.626,10.287,68.6
Croatia,2020,6.508,10.202,68.775
Croatia,2021,6.287,10.367,68.95
Croatia,2022,5.579,10.435,69.125
Croatia,2023,5.958,10.462,69.3
Cyprus,2015,5.439,10.451,71.6
Cyprus,2016,5.795,10.51,71.8
Cyprus,2017,6.062,10.556,72.0
Cyprus,2018,6.276,10.599,72.2
Cyprus,2019,6.137,10.639,72.4
Cyprus,2020,6.26,10.583,72.6
Cyprus,2021,6.269,10.638,72.8
Cyprus,2022,5.865,10.683,73.0
Czechia,2015,6.608,10.496,68.3
Czechia,2016,6.736,10.519,68.425
Czechia,2017,6.79,10.567,68.55
Czechia,2018,7.034,10.595,68.675
Czechia,2020,6.897,10.562,68.925
Czechia,2021,6.942,10.615,69.05
Czechia,2022,6.695,10.637,69.175
Czechia,2023,6.827,10.639,69.3
Denmark,2015,7.514,10.876,70.5
Denmark,2016,7.558,10.9,70.625
Denmark,2017,7.594,10.922,70.75
Denmark,2018,7.649,10.936,70.875
Denmark,2019,7.693,10.948,71.0
Denmark,2020,7.515,10.924,71.125
Denmark,2021,7.699,10.968,71.25
Denmark,2022,7.545,10.997,71.375
Denmark,2023,7.504,10.996,71.5
Dominican Republic,2015,5.062,9.625,63.2
Dominican Republic,2016,5.239,9.678,63.4
Dominican Republic,2017,5.605,9.713,63.6
Dominican Republic,2018,5.433,9.769,63.8
Dominican Republic,2019,6.004,9.808,64.0
Dominican Republic,2020,5.168,9.727,64.2
Dominican Republic,2021,6.031,9.832,64.4
Dominican Republic,2022,5.518,9.87,64.6
Dominican Republic,2023,5.921,9.9,64.8
Ecuador,2015,5.964,9.385,67.5
Ecuador,2016,6.115,9.358,67.75
Ecuador,2017,5.84,9.366,68.0
Ecuador,2018,6.128,9.359,68.25
Ecuador,2019,5.809,9.341,68.5
Ecuador,2020,5.354,9.245,68.75
Ecuador,2021,5.435,9.275,69.0
Ecuador,2022,5.887,9.293,69.25
Ecuador,2023,5.852,9.307,69.5
Egypt,2015,4.763,9.262,62.0
Egypt,2016,4.557,9.284,62.25
Egypt,2017,3.929,9.305,62.5
Egypt,2018,4.005,9.338,62.75
Egypt,2019,4.328,9.374,63.0
Egypt,2020,4.472,9.392,63.25
Egypt,2021,4.026,9.408,63.5
Egypt,2022,4.024,9.456,63.75
Egypt,2023,3.881,9.48,64.0
El Salvador,2015,6.018,9.02,63.5
El Salvador,2016,6.14,9.042,63.85
El Salvador,2017,6.339,9.062,64.2
El Salvador,2018,6.241,9.084,64.55
El Salvador,2019,6.455,9.108,64.9
El Salvador,2020,5.462,9.023,65.25
El Salvador,2021,6.431,9.126,65.6
El Salvador,2022,6.492,9.148,65.95
El Salvador,2023,6.482,9.167,66.3
Estonia,2015,5.629,10.343,68.3
Estonia,2016,5.65,10.374,68.525
Estonia,2017,5.938,10.429,68.75
Estonia,2018,6.091,10.463,68.975
Estonia,2019,6.035,10.496,69.2
Estonia,2020,6.453,10.488,69.425
Estonia,2021,6.554,10.564,69.65
Estonia,2022,6.357,10.541,69.875
Estonia,2023,6.43,10.517,70.1
Ethiopia,2015,4.573,7.468,58.3
Ethiopia,2016,4.298,7.531,58.7
Ethiopia,2017,4.18,7.595,59.1
Ethiopia,2018,4.379,7.634,59.5
Ethiopia,2019,4.1,7.688,59.9
Ethiopia,2020,4.549,7.72,60.3
Ethiopia,2022,3.628,7.775,61.1
Ethiopia,2023,4.093,7.809,61.5
Finland,2015,7.448,10.716,70.7
Finland,2016,7.66,10.741,70.775
Finland,2017,7.788,10.77,70.85
Finland,2018,7.858,10.78,70.925
Finland,2019,7.78,10.791,71.0
Finland,2020,7.889,10.766,71.075
Finland,2021,7.794,10.794,71.15
Finland,2022,7.729,10.811,71.225
Finland,2023,7.699,10.808,71.3
France,2015,6.358,10.677,71.7
France,2016,6.475,10.685,71.8
France,2017,6.635,10.705,71.9
France,2018,6.666,10.72,72.0
France,2019,6.69,10.735,72.1
France,2020,6.714,10.651,72.2
France,2021,6.656,10.714,72.3
France,2022,6.614,10.737,72.4
France,2023,6.557,10.742,72.5
Gabon,2015,4.661,9.609,56.3
Gabon,2016,4.832,9.601,56.625
Gabon,2017,4.782,9.58,56.95
Gabon,2018,4.783,9.565,57.275
Gabon,2019,4.914,9.58,57.6
Gabon,2020,4.887,9.54,57.925
Gabon,2021,5.075,9.533,58.25
Gabon,2022,5.14,9.543,58.575
Gabon,2023,5.104,9.554,58.9
Georgia,2015,4.122,9.442,64.2
Georgia,2016,4.448,9.47,64.325
Georgia,2017,4.451,9.517,64.45
Georgia,2018,4.659,9.565,64.575
Georgia,2019,4.892,9.615,64.7
Georgia,2020,5.123,9.544,64.825
Georgia,2021,4.911,9.648,64.95
Georgia,2022,5.293,9.743,65.075
Georgia,2023,5.351,9.785,65.2
Germany,2015,7.037,10.843,70.1
Germany,2016,6.874,10.857,70.3
Germany,2017,7.074,10.879,70.5
Germany,2018,7.118,10.886,70.7
Germany,2019,7.035,10.894,70.9
Germany,2020,7.312,10.856,71.1
Germany,2021,6.755,10.881,71.3
Germany,2022,6.608,10.889,71.5
Germany,2023,6.792,10.878,71.7
Ghana,2015,3.986,8.437,56.5
Ghana,2016,4.514,8.447,56.875
Ghana,2017,5.481,8.503,57.25
Ghana,2018,5.004,8.542,57.625
Ghana,2019,4.967,8.584,58.0
Ghana,2020,5.319,8.569,58.375
Ghana,2021,4.378,8.601,58.75
Ghana,2022,4.191,8.613,59.125
Ghana,2023,4.298,8.61,59.5
Greece,2015,5.623,10.249,70.4
Greece,2016,5.303,10.248,70.525
Greece,2017,5.148,10.261,70.65
Greece,2018,5.409,10.28,70.775
Greece,2019,5.952,10.3,70.9
Greece,2020,5.788,10.207,71.025
Greece,2021,6.104,10.294,71.15
Greece,2022,5.9,10.358,71.275
Greece,2023,5.796,10.387,71.4
Guatemala,2015,6.465,9.003,61.5
Guatemala,2016,6.359,9.013,61.7
Guatemala,2017,6.325,9.027,61.9
Guatemala,2018,6.627,9.044,62.1
Guatemala,2019,6.262,9.068,62.3
Guatemala,2022,6.15,9.123,62.9
Guatemala,2023,6.421,9.14,63.1
Guinea,2015,3.505,7.627,51.5
Guinea,2016,3.603,7.704,51.95
Guinea,2017,4.874,7.776,52.4
Guinea,2018,5.252,7.813,52.85
Guinea,2019,4.768,7.842,53.3
Guinea,2020,4.972,7.865,53.75
Guinea,2021,4.945,7.879,54.2
Guinea,2022,5.317,7.901,54.65
Guinea,2023,4.827,7.932,55.1
Honduras,2015,4.845,8.553,61.3
Honduras,2016,5.648,8.573,61.725
Honduras,2017,6.02,8.603,62.15
Honduras,2018,5.908,8.624,62.575
Honduras,2019,5.93,8.633,63.0
Honduras,2021,6.114,8.626,63.85
Honduras,2022,5.932,8.65,64.275
Honduras,2023,5.861,8.67,64.7
Hungary,2015,5.344,10.223,66.6
Hungary,2016,5.449,10.248,66.75
Hungary,2017,6.065,10.292,66.9
Hungary,2018,5.936,10.346,67.05
Hungary,2019,6.0,10.393,67.2
Hungary,2020,6.038,10.349,67.35
Hungary,2021,6.227,10.423,67.5
Hungary,2022,5.861,10.47,67.65
Hungary,2023,5.965,10.473,67.8
Iceland,2015,7.498,10.862,71.9
Iceland,2016,7.51,10.909,71.925
Iceland,2017,7.476,10.927,71.95
Iceland,2019,7.533,10.943,72.0
Iceland,2020,7.575,10.852,72.025
Iceland,2021,7.565,10.878,72.05
Iceland,2022,7.449,10.916,72.075
Iceland,2023,7.562,10.934,72.1
India,2015,4.342,8.596,59.1
India,2016,4.179,8.664,59.4
India,2017,4.046,8.718,59.7
India,2018,3.818,8.77,60.0
India,2019,3.249,8.797,60.3
India,2020,4.224,8.728,60.6
India,2021,3.558,8.806,60.9
India,2022,3.93,8.867,61.2
India,2023,4.676,8.919,61.5
Indonesia,2015,5.043,9.222,62.3
Indonesia,2016,5.136,9.261,62.425
Indonesia,2017,5.098,9.3,62.55
Indonesia,2018,5.34,9.341,62.675
Indonesia,2019,5.347,9.381,62.8
Indonesia,2020,4.828,9.351,62.925
Indonesia,2021,5.433,9.381,63.05
Indonesia,2022,5.585,9.426,63.175
Indonesia,2023,5.695,9.466,63.3
Iran,2015,4.75,9.548,65.7
Iran,2016,4.653,9.614,65.85
Iran,2017,4.717,9.627,66.0
Iran,2018,4.278,9.591,66.15
Iran,2019,5.006,9.553,66.3
Iran,2020,4.865,9.577,66.45
Iran,2021,4.788,9.616,66.6
Iran,2022,4.977,9.636,66.75
Iran,2023,5.004,9.651,66.9
Iraq,2015,4.493,9.145,60.8
Iraq,2016,4.413,9.25,61.275
Iraq,2017,4.462,9.208,61.75
Iraq,2018,4.886,9.21,62.225
Iraq,2020,4.785,9.088,63.175
Iraq,2021,5.094,9.081,63.65
Iraq,2022,4.928,9.127,64.125
Iraq,2023,5.475,9.093,64.6
Ireland,2015,6.83,11.18,70.7
Ireland,2016,7.041,11.189,70.8
Ireland,2017,7.06,11.264,70.9
Ireland,2018,6.962,11.334,71.0
Ireland,2019,7.255,11.373,71.1
Ireland,2020,7.035,11.423,71.2
Ireland,2021,6.828,11.54,71.3
Ireland,2022,6.87,11.643,71.4
Ireland,2023,6.817,11.676,71.5
Israel,2015,7.079,10.536,71.8
Israel,2016,7.159,10.56,71.95
Israel,2017,7.331,10.583,72.1
Israel,2018,6.927,10.603,72.25
Israel,2019,7.332,10.625,72.4
Israel,2020,7.195,10.589,72.55
Israel,2021,7.578,10.655,72.7
Israel,2022,7.662,10.698,72.85
Israel,2023,6.783,10.707,73.0
Italy,2015,5.848,10.603,71.6
Italy,2016,5.955,10.617,71.675
Italy,2017,6.199,10.635,71.75
Italy,2018,6.517,10.647,71.825
Italy,2019,6.445,10.663,71.9
Italy,2020,6.488,10.574,71.975
Italy,2021,6.467,10.647,72.05
Italy,2022,6.258,10.687,72.125
Italy,2023,6.245,10.703,72.2
Ivory Coast,2015,4.445,8.395,52.5
Ivory Coast,2016,4.543,8.438,53.075
Ivory Coast,2017,5.038,8.484,53.65
Ivory Coast,2018,5.268,8.505,54.225
Ivory Coast,2019,5.392,8.543,54.8
Ivory Coast,2020,5.257,8.535,55.375
Ivory Coast,2021,5.056,8.579,55.95
Ivory Coast,2022,4.849,8.619,56.525
Ivory Coast,2023,5.337,8.656,57.1
Japan,2015,5.88,10.607,73.6
Japan,2016,5.955,10.615,73.725
Japan,2017,5.911,10.632,73.85
Japan,2018,5.794,10.64,73.975
Japan,2019,5.908,10.637,74.1
Japan,2020,6.118,10.596,74.225
Japan,2021,6.091,10.622,74.35
Japan,2022,6.178,10.637,74.475
Japan,2023,5.91,10.654,74.6
Jordan,2015,5.405,9.202,67.6
Jordan,2016,5.271,9.173,67.6
Jordan,2017,4.808,9.173,67.6
Jordan,2018,4.639,9.168,67.6
Jordan,2019,4.453,9.163,67.6
Jordan,2020,4.094,9.125,67.6
Jordan,2021,3.909,9.127,67.6
Jordan,2022,4.356,9.14,67.6
Jordan,2023,4.292,9.151,67.6
Kazakhstan,2015,5.95,10.098,63.4
Kazakhstan,2016,5.534,10.095,63.8
Kazakhstan,2017,5.882,10.121,64.2
Kazakhstan,2018,6.008,10.148,64.6
Kazakhstan,2019,6.272,10.179,65.0
Kazakhstan,2020,6.168,10.141,65.4
Kazakhstan,2021,6.26,10.17,65.8
Kazakhstan,2022,6.006,10.169,66.2
Kazakhstan,2023,6.299,10.172,66.6
Kenya,2015,4.358,8.334,56.1
Kenya,2016,4.396,8.353,56.5
Kenya,2017,4.476,8.369,56.9
Kenya,2018,4.656,8.404,57.3
Kenya,2019,4.619,8.434,57.7
Kenya,2020,4.547,8.411,58.1
Kenya,2021,4.465,8.465,58.5
Kenya,2022,4.448,8.493,58.9
Kenya,2023,4.496,8.523,59.3
Kosovo,2015,5.077,9.153,
Kosovo,2016,5.759,9.213,
Kosovo,2017,6.149,9.253,
Kosovo,2018,6.392,9.283,
Kosovo,2019,6.425,9.334,
Kosovo,2020,6.294,9.279,
Kosovo,2021,6.648,9.383,
Kosovo,2022,6.16,9.431,
Kosovo,2023,6.878,9.48,
Kyrgyzstan,2015,4.905,8.477,63.7
Kyrgyzstan,2016,4.857,8.5,64.225
Kyrgyzstan,2017,5.63,8.526,64.75
Kyrgyzstan,2018,5.297,8.543,65.275
Kyrgyzstan,2019,5.685,8.568,65.8
Kyrgyzstan,2020,6.25,8.461,66.325
Kyrgyzstan,2021,5.564,8.504,66.85
Kyrgyzstan,2022,5.668,8.555,67.375
Kyrgyzstan,2023,5.91,8.573,67.9
Laos,2017,4.623,8.883,59.9
Laos,2018,4.859,8.929,60.2
Laos,2019,5.197,8.967,60.5
Laos,2020,5.284,8.957,60.8
Laos,2021,4.927,8.968,61.1
Laos,2022,4.962,8.981,61.4
Laos,2023,5.486,9.005,61.7
Latvia,2015,5.881,10.19,65.8
Latvia,2016,5.94,10.222,65.9
Latvia,2017,5.978,10.264,66.0
Latvia,2018,5.901,10.311,66.1
Latvia,2019,5.97,10.343,66.2
Latvia,2020,6.229,10.328,66.3
Latvia,2021,6.353,10.376,66.4
Latvia,2022,6.055,10.396,66.5
Latvia,2023,6.296,10.408,66.6
Lebanon,2015,5.172,9.717,65.7
Lebanon,2016,5.271,9.754,65.775
Lebanon,2017,5.154,9.787,65.85
Lebanon,2018,5.167,9.795,65.925
Lebanon,2019,4.024,9.752,66.0
Lebanon,2020,2.634,9.532,66.075
Lebanon,2021,2.179,9.472,66.15
Lebanon,2022,2.352,9.458,66.225
Lebanon,2023,3.588,9.471,66.3
Liberia,2015,2.702,7.366,52.5
Liberia,2016,3.355,7.33,53.1
Liberia,2017,4.424,7.335,53.7
Liberia,2018,4.135,7.328,54.3
Liberia,2019,5.121,7.283,54.9
Liberia,2022,4.042,7.287,56.7
Liberia,2023,4.494,7.309,57.3
Lithuania,2015,5.711,10.334,65.3
Lithuania,2016,5.866,10.371,65.65
Lithuania,2017,6.273,10.427,66.0
Lithuania,2018,6.309,10.476,66.35
Lithuania,2019,6.064,10.524,66.7
Lithuania,2020,6.391,10.523,67.05
Lithuania,2021,6.865,10.579,67.4
Lithuania,2022,7.038,10.586,67.75
Lithuania,2023,6.553,10.575,68.1
Luxembourg,2015,6.702,11.637,71.5
Luxembourg,2016,6.967,11.664,71.525
Luxembourg,2017,7.061,11.653,71.55
Luxembourg,2018,7.243,11.645,71.575
Luxembourg,2019,7.404,11.649,71.6
Luxembourg,2022,7.228,11.657,71.675
Luxembourg,2023,7.016,11.649,71.7
Madagascar,2015,3.593,7.319,56.3
Madagascar,2016,3.663,7.332,56.55
Madagascar,2017,4.079,7.345,56.8
Madagascar,2018,4.071,7.351,57.05
Madagascar,2019,4.339,7.369,57.3
Madagascar,2022,4.019,7.315,58.05
Madagascar,2023,4.433,7.333,58.3
Malawi,2015,3.868,7.273,54.9
Malawi,2016,3.476,7.27,55.45
Malawi,2017,3.417,7.283,56.0
Malawi,2018,3.335,7.299,56.55
Malawi,2019,3.869,7.325,57.1
Malawi,2021,3.635,7.307,58.2
Malawi,2022,3.356,7.291,58.75
Malawi,2023,3.272,7.279,59.3
Malaysia,2015,6.322,10.092,65.8
Malaysia,2018,5.339,10.197,65.725
Malaysia,2019,5.428,10.228,65.7
Malaysia,2020,6.014,10.159,65.675
Malaysia,2021,6.01,10.179,65.65
Malaysia,2022,6.048,10.251,65.625
Malaysia,2023,5.868,10.283,65.6
Mali,2015,4.582,7.631,53.0
Mali,2016,4.016,7.655,53.4
Mali,2017,4.742,7.675,53.8
Mali,2018,4.416,7.69,54.2
Mali,2019,4.988,7.705,54.6
Mali,2020,4.269,7.661,55.0
Mali,2021,4.113,7.659,55.4
Mali,2022,4.211,7.665,55.8
Mali,2023,4.37,7.673,56.2
Malta,2015,6.613,10.594,71.3
Malta,2016,6.591,10.604,71.35
Malta,2017,6.676,10.681,71.4
Malta,2018,6.91,10.705,71.45
Malta,2019,6.733,10.734,71.5
Malta,2020,6.157,10.622,71.55
Malta,2021,6.444,10.727,71.6
Malta,2022,6.299,10.784,71.65
Mauritania,2015,3.923,8.547,58.9
Mauritania,2016,4.472,8.533,59.125
Mauritania,2017,4.678,8.568,59.35
Mauritania,2018,4.314,8.588,59.575
Mauritania,2019,4.153,8.614,59.8
Mauritania,2022,4.724,8.602,60.475
Mauritania,2023,4.292,8.62,60.7
Mauritius,2016,5.61,9.968,63.975
Mauritius,2017,6.174,10.005,63.95
Mauritius,2018,5.882,10.044,63.925
Mauritius,2019,6.241,10.072,63.9
Mauritius,2020,6.015,9.914,63.875
Mauritius,2021,5.949,9.948,63.85
Mauritius,2022,5.741,10.034,63.825
Mauritius,2023,5.759,10.083,63.8
Mexico,2015,6.236,9.88,65.8
Mexico,2016,6.824,9.895,65.8
Mexico,2017,6.41,9.905,65.8
Mexico,2018,6.55,9.917,65.8
Mexico,2019,6.432,9.907,65.8
Mexico,2020,5.964,9.816,65.8
Mexico,2021,5.991,9.857,65.8
Mexico,2022,7.038,9.881,65.8
Mexico,2023,7.006,9.9,65.8
Moldova,2015,6.017,9.232,62.9
Moldova,2016,5.578,9.289,63.3
Moldova,2017,5.326,9.347,63.7
Moldova,2018,5.682,9.404,64.1
Moldova,2019,5.803,9.455,64.5
Moldova,2020,5.812,9.38,64.9
Moldova,2021,5.959,9.518,65.3
Moldova,2022,5.687,9.465,65.7
Moldova,2023,5.801,9.492,66.1
Mongolia,2015,4.983,9.318,59.9
Mongolia,2016,5.057,9.311,60.0
Mongolia,2017,5.334,9.344,60.1
Mongolia,2018,5.465,9.397,60.2
Mongolia,2019,5.563,9.43,60.3
Mongolia,2020,6.011,9.365,60.4
Mongolia,2021,5.721,9.365,60.5
Mongolia,2022,5.788,9.397,60.6
Mongolia,2023,5.58,9.433,60.7
Montenegro,2015,5.125,9.813,66.6
Montenegro,2016,5.304,9.842,66.7
Montenegro,2017,5.615,9.887,66.8
Montenegro,2018,5.65,9.937,66.9
Montenegro,2019,5.386,9.977,67.0
Montenegro,2020,5.722,9.812,67.1
Montenegro,2022,5.6,10.002,67.3
Montenegro,2023,5.813,10.041,67.4
Morocco,2015,5.163,8.947,63.3
Morocco,2016,5.386,8.94,63.4
Morocco,2017,5.312,8.977,63.5
Morocco,2018,4.897,8.996,63.6
Morocco,2019,5.057,9.014,63.7
Morocco,2020,4.803,8.929,63.8
Morocco,2021,5.326,8.994,63.9
Morocco,2022,4.596,8.995,64.0
Morocco,2023,4.487,9.009,64.1
Mozambique,2015,4.55,7.148,48.6
Mozambique,2017,4.28,7.16,49.5
Mozambique,2018,4.654,7.165,49.95
Mozambique,2019,4.932,7.159,50.4
Mozambique,2021,5.178,7.112,51.3
Mozambique,2022,4.74,7.125,51.75
Mozambique,2023,5.704,7.147,52.2
Myanmar,2015,4.224,8.229,59.6
Myanmar,2016,4.623,8.321,59.925
Myanmar,2017,4.154,8.369,60.25
Myanmar,2018,4.411,8.424,60.575
Myanmar,2019,4.434,8.483,60.9
Myanmar,2020,4.431,8.507,61.225
Myanmar,2021,4.314,8.302,61.55
Myanmar,2022,4.359,8.325,61.875
Myanmar,2023,4.391,8.347,62.2
Namibia,2017,4.441,9.243,55.35
Namibia,2018,4.834,9.237,55.725
Namibia,2019,4.436,9.211,56.1
Namibia,2020,4.451,9.11,56.475
Namibia,2021,4.491,9.128,56.85
Namibia,2022,4.949,9.158,57.225
Namibia,2023,5.055,9.167,57.6
Nepal,2015,4.812,8.089,60.2
Nepal,2016,5.1,8.085,60.475
Nepal,2017,4.737,8.159,60.75
Nepal,2018,4.91,8.221,61.025
Nepal,2019,5.449,8.274,61.3
Nepal,2020,5.982,8.233,61.575
Nepal,2021,4.622,8.257,61.85
Nepal,2022,5.474,8.294,62.125
Nepal,2023,5.389,8.318,62.4
Netherlands,2015,7.324,10.878,71.1
Netherlands,2016,7.541,10.894,71.175
Netherlands,2017,7.459,10.917,71.25
Netherlands,2018,7.463,10.934,71.325
Netherlands,2019,7.425,10.947,71.4
Netherlands,2020,7.504,10.902,71.475
Netherlands,2021,7.314,10.944,71.55
Netherlands,2022,7.39,10.978,71.625
Netherlands,2023,7.255,10.977,71.7
New Zealand,2015,7.418,10.622,69.9
New Zealand,2016,7.226,10.637,69.975
New Zealand,2017,7.327,10.65,70.05
New Zealand,2018,7.37,10.667,70.125
New Zealand,2019,7.205,10.675,70.2
New Zealand,2020,7.257,10.647,70.275
New Zealand,2021,7.137,10.693,70.35
New Zealand,2022,6.975,10.712,70.425
New Zealand,2023,6.976,10.72,70.5
Nicaragua,2015,5.924,8.624,65.2
Nicaragua,2016,6.013,8.654,65.275
Nicaragua,2017,6.476,8.685,65.35
Nicaragua,2018,5.819,8.637,65.425
Nicaragua,2019,6.113,8.594,65.5
Nicaragua,2020,6.287,8.562,65.575
Nicaragua,2021,6.095,8.647,65.65
Nicaragua,2022,6.392,8.669,65.725
Nicaragua,2023,6.362,8.685,65.8
Niger,2015,3.671,7.025,54.1
Niger,2016,4.235,7.042,54.45
Niger,2017,4.616,7.053,54.8
Niger,2018,5.164,7.084,55.15
Niger,2019,5.004,7.105,55.5
Niger,2022,4.501,7.151,56.55
Niger,2023,4.609,7.181,56.9
Nigeria,2015,4.933,8.6,53.1
Nigeria,2016,5.22,8.558,53.425
Nigeria,2017,5.322,8.541,53.75
Nigeria,2018,5.252,8.535,54.075
Nigeria,2019,4.266,8.532,54.4
Nigeria,2020,5.503,8.49,54.725
Nigeria,2021,4.479,8.502,55.05
Nigeria,2022,5.294,8.51,55.375
Nigeria,2023,4.869,8.514,55.7
North Macedonia,2015,4.976,9.625,65.3
North Macedonia,2016,5.346,9.652,65.5
North Macedonia,2017,5.234,9.662,65.7
North Macedonia,2018,5.24,9.689,65.9
North Macedonia,2019,5.015,9.728,66.1
North Macedonia,2020,5.054,9.666,66.3
North Macedonia,2021,5.535,9.724,66.5
North Macedonia,2022,5.167,9.749,66.7
North Macedonia,2023,5.403,9.776,66.9
Norway,2015,7.603,11.057,71.2
Norway,2016,7.596,11.06,71.25
Norway,2017,7.579,11.076,71.3
Norway,2018,7.444,11.077,71.35
Norway,2019,7.442,11.082,71.4
Norway,2020,7.29,11.063,71.45
Norway,2021,7.362,11.096,71.5
Norway,2022,7.295,11.119,71.55
Norway,2023,7.249,11.125,71.6
Pakistan,2015,4.823,8.423,55.8
Pakistan,2016,5.549,8.465,56.075
Pakistan,2017,5.831,8.495,56.35
Pakistan,2018,5.472,8.54,56.625
Pakistan,2019,4.443,8.548,56.9
Pakistan,2020,4.624,8.518,57.175
Pakistan,2021,4.487,8.563,57.45
Pakistan,2022,4.931,8.604,57.725
Pakistan,2023,4.549,8.588,58.0
Panama,2015,6.606,10.294,68.3
Panama,2016,6.118,10.325,68.4
Panama,2017,6.568,10.362,68.5
Panama,2018,6.281,10.382,68.6
Panama,2019,6.086,10.398,68.7
Panama,2021,6.553,10.323,68.9
Panama,2022,5.979,10.412,69.0
Panama,2023,6.543,10.455,69.1
Paraguay,2015,5.56,9.458,65.6
Paraguay,2016,5.801,9.485,65.65
Paraguay,2017,5.713,9.518,65.7
Paraguay,2019,5.653,9.519,65.8
Paraguay,2020,5.501,9.497,65.85
Paraguay,2021,5.576,9.523,65.9
Paraguay,2022,6.138,9.513,65.95
Paraguay,2023,6.214,9.549,66.0
Peru,2015,5.577,9.394,68.8
Peru,2016,5.701,9.419,68.975
Peru,2017,5.711,9.429,69.15
Peru,2018,5.68,9.449,69.325
Peru,2019,5.999,9.452,69.5
Peru,2020,4.994,9.323,69.675
Peru,2021,5.694,9.436,69.85
Peru,2022,5.892,9.453,70.025
Peru,2023,5.936,9.459,70.2
Philippines,2015,5.547,8.887,61.9
Philippines,2016,5.431,8.938,61.925
Philippines,2017,5.594,8.987,61.95
Philippines,2018,5.869,9.032,61.975
Philippines,2019,6.268,9.075,62.0
Philippines,2020,5.08,8.958,62.025
Philippines,2021,5.965,8.999,62.05
Philippines,2022,5.995,9.057,62.075
Philippines,2023,6.184,9.102,62.1
Poland,2015,6.007,10.228,68.0
Poland,2016,6.162,10.258,68.175
Poland,2017,6.201,10.308,68.35
Poland,2018,6.111,10.365,68.525
Poland,2019,6.242,10.409,68.7
Poland,2020,6.139,10.39,68.875
Poland,2021,5.978,10.461,69.05
Poland,2022,6.666,10.513,69.225
Poland,2023,6.685,10.527,69.4
Portugal,2015,5.081,10.346,70.5
Portugal,2016,5.447,10.369,70.625
Portugal,2017,5.711,10.406,70.75
Portugal,2018,5.92,10.435,70.875
Portugal,2019,6.095,10.462,71.0
Portugal,2020,5.768,10.374,71.125
Portugal,2021,6.183,10.425,71.25
Portugal,2022,5.953,10.484,71.375
Portugal,2023,5.954,10.504,71.5
Romania,2015,5.777,10.083,66.3
Romania,2016,5.969,10.117,66.425
Romania,2017,6.09,10.201,66.55
Romania,2018,6.151,10.266,66.675
Romania,2019,6.13,10.309,66.8
Romania,2020,6.785,10.277,66.925
Romania,2021,6.549,10.341,67.05
Romania,2022,6.437,10.396,67.175
Romania,2023,6.489,10.431,67.3
Russia,2015,5.996,10.146,62.7
Russia,2016,5.855,10.146,63.075
Russia,2017,5.579,10.163,63.45
Russia,2018,5.514,10.191,63.825
Russia,2019,5.441,10.213,64.2
Russia,2020,5.495,10.188,64.575
Russia,2021,5.448,10.247,64.95
Russia,2022,6.044,10.225,65.325
Russia,2023,5.865,10.209,65.7
Saudi Arabia,2015,6.345,10.79,63.2
Saudi Arabia,2016,6.474,10.793,63.4
Saudi Arabia,2017,6.294,10.77,63.6
Saudi Arabia,2018,6.356,10.773,63.8
Saudi Arabia,2019,6.561,10.758,64.0
Saudi Arabia,2020,6.56,10.709,64.2
Saudi Arabia,2021,6.445,10.749,64.4
Saudi Arabia,2022,6.382,10.82,64.6
Saudi Arabia,2023,6.953,10.829,64.8
Senegal,2015,4.617,8.01,58.2
Senegal,2016,4.595,8.045,58.5
Senegal,2017,4.683,8.089,58.8
Senegal,2018,4.769,8.122,59.1
Senegal,2019,5.489,8.14,59.4
Senegal,2020,4.757,8.127,59.7
Senegal,2021,4.903,8.164,60.0
Senegal,2022,4.907,8.179,60.3
Senegal,2023,5.093,8.2,60.6
Serbia,2015,5.318,9.654,66.4
Serbia,2016,5.753,9.692,66.525
Serbia,2017,5.122,9.718,66.65
Serbia,2018,5.936,9.767,66.775
Serbia,2019,6.241,9.815,66.9
Serbia,2020,6.042,9.813,67.025
Serbia,2021,6.245,9.895,67.15
Serbia,2022,6.546,9.928,67.275
Serbia,2023,6.441,9.961,67.4
Sierra Leone,2015,4.909,7.324,49.7
Sierra Leone,2016,4.733,7.361,50.5
Sierra Leone,2017,4.09,7.374,51.3
Sierra Leone,2018,4.306,7.384,52.1
Sierra Leone,2019,3.447,7.412,52.9
Sierra Leone,2021,3.714,7.387,54.5
Sierra Leone,2022,2.56,7.4,55.3
Sierra Leone,2023,3.467,7.412,56.1
Singapore,2015,6.62,11.399,73.2
Singapore,2016,6.033,11.422,73.3
Singapore,2017,6.378,11.465,73.4
Singapore,2018,6.375,11.496,73.5
Singapore,2019,6.378,11.497,73.6
Singapore,2021,6.587,11.587,73.8
Singapore,2022,6.333,11.59,73.9
Slovakia,2015,6.162,10.268,67.6
Slovakia,2016,5.993,10.286,67.825
Slovakia,2017,6.366,10.314,68.05
Slovakia,2018,6.235,10.352,68.275
Slovakia,2019,6.243,10.375,68.5
Slovakia,2020,6.519,10.34,68.725
Slovakia,2021,6.419,10.39,68.95
Slovakia,2022,6.091,10.409,69.175
Slovakia,2023,6.261,10.425,69.4
Slovenia,2015,5.741,10.428,70.0
Slovenia,2016,5.937,10.459,70.175
Slovenia,2017,6.167,10.505,70.35
Slovenia,2018,6.249,10.545,70.525
Slovenia,2019,6.665,10.572,70.7
Slovenia,2020,6.462,10.521,70.875
Slovenia,2021,6.761,10.598,71.05
Slovenia,2022,6.723,10.65,71.225
Slovenia,2023,6.746,10.664,71.4
South Africa,2015,4.887,9.539,54.1
South Africa,2016,4.77,9.536,54.625
South Africa,2017,4.514,9.543,55.15
South Africa,2018,4.884,9.546,55.675
South Africa,2019,5.035,9.536,56.2
South Africa,2020,4.947,9.458,56.725
South Africa,2021,5.599,9.496,57.25
South Africa,2022,5.581,9.508,57.775
South Africa,2023,5.076,9.503,58.3
South Korea,2015,5.78,10.567,72.0
South Korea,2016,5.971,10.592,72.275
South Korea,2017,5.874,10.62,72.55
South Korea,2018,5.84,10.645,72.825
South Korea,2019,5.903,10.663,73.1
South Korea,2020,5.793,10.655,73.375
South Korea,2021,6.113,10.697,73.65
South Korea,2022,5.95,10.725,73.925
South Korea,2023,6.112,10.742,74.2
Spain,2015,6.381,10.529,71.6
Spain,2016,6.319,10.558,71.725
Spain,2017,6.23,10.585,71.85
Spain,2018,6.513,10.604,71.975
Spain,2019,6.457,10.616,72.1
Spain,2020,6.502,10.491,72.225
Spain,2021,6.47,10.544,72.35
Spain,2022,6.337,10.592,72.475
Spain,2023,6.456,10.609,72.6
Sri Lanka,2015,4.612,9.41,66.6
Sri Lanka,2017,4.331,9.514,66.8
Sri Lanka,2018,4.435,9.529,66.9
Sri Lanka,2019,4.213,9.521,67.0
Sri Lanka,2020,4.778,9.468,67.1
Sri Lanka,2021,4.103,9.492,67.2
Sri Lanka,2022,3.985,9.409,67.3
Sri Lanka,2023,3.602,9.364,67.4
Sweden,2015,7.289,10.838,71.4
Sweden,2016,7.369,10.846,71.525
Sweden,2017,7.287,10.858,71.65
Sweden,2018,7.375,10.866,71.775
Sweden,2019,7.398,10.875,71.9
Sweden,2020,7.314,10.846,72.025
Sweden,2021,7.439,10.893,72.15
Sweden,2022,7.431,10.912,72.275
Sweden,2023,7.161,10.902,72.4
Switzerland,2015,7.572,11.116,71.7
Switzerland,2016,7.459,11.126,71.9
Switzerland,2017,7.474,11.13,72.1
Switzerland,2018,7.509,11.151,72.3
Switzerland,2019,7.694,11.155,72.5
Switzerland,2020,7.508,11.124,72.7
Switzerland,2021,7.328,11.158,72.9
Switzerland,2022,6.884,11.17,73.1
Switzerland,2023,6.969,11.169,73.3
Tajikistan,2015,5.124,7.993,61.4
Tajikistan,2016,5.104,8.036,61.55
Tajikistan,2017,5.829,8.082,61.7
Tajikistan,2018,5.497,8.133,61.85
Tajikistan,2019,5.464,8.182,62.0
Tajikistan,2020,5.373,8.203,62.15
Tajikistan,2021,5.287,8.271,62.3
Tajikistan,2022,5.176,8.328,62.45
Tajikistan,2023,5.379,8.371,62.6
Tanzania,2015,3.661,7.743,56.7
Tanzania,2016,2.903,7.775,57.15
Tanzania,2017,3.347,7.807,57.6
Tanzania,2018,3.445,7.828,58.05
Tanzania,2019,3.64,7.855,58.5
Tanzania,2020,3.786,7.844,58.95
Tanzania,2021,3.681,7.857,59.4
Tanzania,2022,3.616,7.872,59.85
Tanzania,2023,4.042,7.893,60.3
Thailand,2015,6.202,9.675,68.0
Thailand,2016,6.074,9.705,68.075
Thailand,2017,5.939,9.741,68.15
Thailand,2018,6.012,9.78,68.225
Thailand,2019,6.022,9.798,68.3
Thailand,2020,5.885,9.733,68.375
Thailand,2021,5.638,9.746,68.45
Thailand,2022,6.007,9.77,68.525
Thailand,2023,6.282,9.807,68.6
Togo,2015,3.768,7.54,54.2
Togo,2016,3.879,7.569,54.7
Togo,2017,4.361,7.587,55.2
Togo,2018,4.023,7.613,55.7
Togo,2019,4.179,7.637,56.2
Togo,2021,4.037,7.667,57.2
Togo,2022,4.239,7.7,57.7
Togo,2023,4.365,7.725,58.2
Tunisia,2015,5.132,9.283,66.7
Tunisia,2016,4.521,9.283,66.75
Tunisia,2017,4.124,9.294,66.8
Tunisia,2018,4.741,9.31,66.85
Tunisia,2019,4.315,9.316,66.9
Tunisia,2020,4.731,9.214,66.95
Tunisia,2021,4.499,9.249,67.0
Tunisia,2022,4.261,9.267,67.05
Tunisia,2023,4.505,9.282,67.1
Türkiye,2015,5.514,10.15,67.7
Türkiye,2016,5.326,10.166,67.875
Türkiye,2017,5.607,10.225,68.05
Türkiye,2018,5.186,10.246,68.225
Türkiye,2019,4.872,10.245,68.4
Türkiye,2020,4.862,10.257,68.575
Türkiye,2021,4.367,10.357,68.75
Türkiye,2022,5.093,10.404,68.925
Türkiye,2023,5.463,10.429,69.1
Uganda,2015,4.238,7.654,56.3
Uganda,2016,4.233,7.667,56.775
Uganda,2017,4.001,7.663,57.25
Uganda,2018,4.322,7.69,57.725
Uganda,2019,4.948,7.719,58.2
Uganda,2020,4.641,7.714,58.675
Uganda,2021,4.225,7.717,59.15
Uganda,2022,4.425,7.733,59.625
Uganda,2023,4.467,7.759,60.1
Ukraine,2015,3.965,9.325,63.8
Ukraine,2016,4.029,9.353,63.925
Ukraine,2017,4.311,9.381,64.05
Ukraine,2018,4.662,9.42,64.175
Ukraine,2019,4.702,9.458,64.3
Ukraine,2020,5.27,9.426,64.425
Ukraine,2021,5.311,9.469,64.55
Ukraine,2022,4.637,9.281,64.675
Ukraine,2023,4.672,9.423,64.8
United Arab Emirates,2015,6.568,11.128,65.4
United Arab Emirates,2016,6.831,11.174,65.55
United Arab Emirates,2017,7.039,11.173,65.7
United Arab Emirates,2018,6.604,11.178,65.85
United Arab Emirates,2019,6.711,11.181,66.0
United Arab Emirates,2020,6.458,11.122,66.15
United Arab Emirates,2021,6.733,11.152,66.3
United Arab Emirates,2022,6.738,11.216,66.45
United Arab Emirates,2023,6.728,11.236,66.6
United Kingdom,2015,6.515,10.707,69.7
United Kingdom,2016,6.824,10.721,69.8
United Kingdom,2017,7.103,10.739,69.9
United Kingdom,2018,7.233,10.75,70.0
United Kingdom,2019,7.157,10.76,70.1
United Kingdom,2020,6.798,10.639,70.2
United Kingdom,2021,6.867,10.713,70.3
United Kingdom,2022,6.722,10.754,70.4
United Kingdom,2023,6.658,10.759,70.5
United States,2015,6.864,10.975,66.6
United States,2016,6.804,10.985,66.475
United States,2017,6.992,11.001,66.35
United States,2018,6.883,11.024,66.225
United States,2019,6.944,11.042,66.1
United States,2020,7.028,11.005,65.975
United States,2021,6.959,11.061,65.85
United States,2022,6.693,11.078,65.725
United States,2023,6.521,11.089,65.6
Uruguay,2015,6.628,10.032,67.5
Uruguay,2016,6.171,10.045,67.5
Uruguay,2017,6.336,10.06,67.5
Uruguay,2018,6.372,10.06,67.5
Uruguay,2019,6.6,10.067,67.5
Uruguay,2020,6.31,10.002,67.5
Uruguay,2021,6.502,10.054,67.5
Uruguay,2022,6.671,10.103,67.5
Uruguay,2023,6.662,10.122,67.5
Uzbekistan,2015,5.972,8.764,63.5
Uzbekistan,2016,5.893,8.804,63.8
Uzbekistan,2017,6.421,8.831,64.1
Uzbekistan,2018,6.205,8.87,64.4
Uzbekistan,2019,6.154,8.91,64.7
Uzbekistan,2020,5.842,8.91,65.0
Uzbekistan,2021,6.185,8.962,65.3
Uzbekistan,2022,6.016,8.996,65.6
Uzbekistan,2023,6.385,9.026,65.9
Vietnam,2015,5.076,8.999,64.9
Vietnam,2016,5.062,9.053,65.0
Vietnam,2017,5.175,9.111,65.1
Vietnam,2018,5.296,9.173,65.2
Vietnam,2019,5.467,9.235,65.3
Vietnam,2020,5.462,9.254,65.4
Vietnam,2021,5.54,9.271,65.5
Vietnam,2022,6.267,9.341,65.6
Vietnam,2023,6.325,9.392,65.7
Zambia,2015,4.843,8.121,52.7
Zambia,2016,4.348,8.127,53.125
Zambia,2017,3.933,8.13,53.55
Zambia,2018,4.041,8.139,53.975
Zambia,2019,3.307,8.123,54.4
Zambia,2020,4.838,8.066,54.825
Zambia,2021,3.082,8.082,55.25
Zambia,2022,3.728,8.101,55.675
Zambia,2023,3.686,8.115,56.1
Zimbabwe,2015,3.703,7.747,51.2
Zimbabwe,2016,3.735,7.735,51.675
Zimbabwe,2017,3.638,7.754,52.15
Zimbabwe,2018,3.616,7.783,52.625
Zimbabwe,2019,2.694,7.698,53.1
Zimbabwe,2020,3.16,7.596,53.575
Zimbabwe,2021,3.155,7.657,54.05
Zimbabwe,2022,3.296,7.67,54.525
Zimbabwe,2023,3.572,7.679,55.0
