Country;Year;IDH;Countries by continents.Continent
Afghanistan;2015;0,496;Asia
Afghanistan;2016;0,495;Asia
Afghanistan;2017;0,496;Asia
Afghanistan;2018;0,498;Asia
Afghanistan;2019;0,507;Asia
Afghanistan;2020;0,501;Asia
Afghanistan;2021;0,486;Asia
Afghanistan;2022;0,495;Asia
Afghanistan;2023;0,496;Asia
Algeria;2015;0,737;Africa
Algeria;2016;0,743;Africa
Algeria;2017;0,746;Africa
Algeria;2018;0,749;Africa
Algeria;2019;0,753;Africa
Algeria;2020;0,742;Africa
Algeria;2021;0,755;Africa
Algeria;2022;0,761;Africa
Algeria;2023;0,763;Africa
Angola;2015;0,603;Africa
Angola;2016;0,609;Africa
Angola;2017;0,61;Africa
Angola;2018;0,611;Africa
Angola;2019;0,611;Africa
Angola;2020;0,61;Africa
Angola;2021;0,609;Africa
Angola;2022;0,615;Africa
Angola;2023;0,616;Africa
Benin;2015;0,511;Africa
Benin;2016;0,51;Africa
Benin;2017;0,507;Africa
Benin;2018;0,507;Africa
Benin;2019;0,507;Africa
Benin;2020;0,504;Africa
Benin;2021;0,506;Africa
Benin;2022;0,512;Africa
Benin;2023;0,515;Africa
Albania;2015;0,797;Europe
Albania;2016;0,797;Europe
Albania;2017;0,798;Europe
Albania;2018;0,801;Europe
Albania;2019;0,805;Europe
Albania;2020;0,794;Europe
Albania;2021;0,794;Europe
Albania;2022;0,806;Europe
Albania;2023;0,81;Europe
Andorra;2015;0,869;Europe
Andorra;2016;0,872;Europe
Andorra;2017;0,873;Europe
Andorra;2018;0,875;Europe
Andorra;2019;0,876;Europe
Andorra;2020;0,851;Europe
Andorra;2021;0,871;Europe
Andorra;2022;0,893;Europe
Andorra;2023;0,913;Europe
Antigua and Barbuda;2015;0,839;North America
Antigua and Barbuda;2016;0,842;North America
Antigua and Barbuda;2017;0,845;North America
Antigua and Barbuda;2018;0,85;North America
Antigua and Barbuda;2019;0,851;North America
Antigua and Barbuda;2020;0,84;North America
Antigua and Barbuda;2021;0,843;North America
Antigua and Barbuda;2022;0,848;North America
Antigua and Barbuda;2023;0,851;North America
Argentina;2015;0,859;South America
Argentina;2016;0,857;South America
Argentina;2017;0,861;South America
Argentina;2018;0,861;South America
Argentina;2019;0,861;South America
Argentina;2020;0,851;South America
Argentina;2021;0,847;South America
Argentina;2022;0,858;South America
Argentina;2023;0,865;South America
Bahrain;2015;0,868;Asia
Bahrain;2016;0,871;Asia
Bahrain;2017;0,874;Asia
Bahrain;2018;0,886;Asia
Bahrain;2019;0,894;Asia
Bahrain;2020;0,885;Asia
Bahrain;2021;0,885;Asia
Bahrain;2022;0,902;Asia
Bahrain;2023;0,899;Asia
Bangladesh;2015;0,621;Asia
Bangladesh;2016;0,632;Asia
Bangladesh;2017;0,633;Asia
Bangladesh;2018;0,646;Asia
Bangladesh;2019;0,656;Asia
Bangladesh;2020;0,663;Asia
Bangladesh;2021;0,663;Asia
Bangladesh;2022;0,68;Asia
Bangladesh;2023;0,685;Asia
Bhutan;2015;0,637;Asia
Bhutan;2016;0,647;Asia
Bhutan;2017;0,656;Asia
Bhutan;2018;0,667;Asia
Bhutan;2019;0,68;Asia
Bhutan;2020;0,688;Asia
Bhutan;2021;0,691;Asia
Bhutan;2022;0,695;Asia
Bhutan;2023;0,698;Asia
Armenia;2015;0,777;Europe
Armenia;2016;0,783;Europe
Armenia;2017;0,785;Europe
Armenia;2018;0,789;Europe
Armenia;2019;0,796;Europe
Armenia;2020;0,761;Europe
Armenia;2021;0,786;Europe
Armenia;2022;0,801;Europe
Armenia;2023;0,811;Europe
Australia;2015;0,938;Oceania
Australia;2016;0,939;Oceania
Australia;2017;0,94;Oceania
Australia;2018;0,945;Oceania
Australia;2019;0,947;Oceania
Australia;2020;0,95;Oceania
Australia;2021;0,954;Oceania
Australia;2022;0,952;Oceania
Australia;2023;0,958;Oceania
Austria;2015;0,919;Europe
Austria;2016;0,921;Europe
Austria;2017;0,922;Europe
Austria;2018;0,925;Europe
Austria;2019;0,928;Europe
Austria;2020;0,925;Europe
Austria;2021;0,93;Europe
Austria;2022;0,927;Europe
Austria;2023;0,93;Europe
Azerbaijan;2015;0,771;Europe
Azerbaijan;2016;0,772;Europe
Azerbaijan;2017;0,774;Europe
Azerbaijan;2018;0,775;Europe
Azerbaijan;2019;0,78;Europe
Azerbaijan;2020;0,757;Europe
Azerbaijan;2021;0,765;Europe
Azerbaijan;2022;0,784;Europe
Azerbaijan;2023;0,789;Europe
Bahamas;2015;0,807;North America
Bahamas;2016;0,808;North America
Bahamas;2017;0,81;North America
Bahamas;2018;0,812;North America
Bahamas;2019;0,8;North America
Bahamas;2020;0,797;North America
Bahamas;2021;0,794;North America
Bahamas;2022;0,818;North America
Bahamas;2023;0,82;North America
Belarus;2015;0,825;Europe
Belarus;2016;0,825;Europe
Belarus;2017;0,828;Europe
Belarus;2018;0,827;Europe
Belarus;2019;0,826;Europe
Belarus;2020;0,815;Europe
Belarus;2021;0,817;Europe
Belarus;2022;0,824;Europe
Belarus;2023;0,824;Europe
Belgium;2015;0,933;Europe
Belgium;2016;0,936;Europe
Belgium;2017;0,94;Europe
Belgium;2018;0,942;Europe
Belgium;2019;0,945;Europe
Belgium;2020;0,939;Europe
Belgium;2021;0,948;Europe
Belgium;2022;0,945;Europe
Belgium;2023;0,951;Europe
Bosnia and Herzegovina;2015;0,769;Europe
Bosnia and Herzegovina;2016;0,776;Europe
Bosnia and Herzegovina;2017;0,78;Europe
Bosnia and Herzegovina;2018;0,785;Europe
Bosnia and Herzegovina;2019;0,788;Europe
Bosnia and Herzegovina;2020;0,783;Europe
Bosnia and Herzegovina;2021;0,783;Europe
Bosnia and Herzegovina;2022;0,799;Europe
Barbados;2015;0,8;North America
Barbados;2016;0,803;North America
Barbados;2017;0,804;North America
Barbados;2018;0,806;North America
Barbados;2019;0,808;North America
Barbados;2020;0,803;North America
Barbados;2021;0,803;North America
Barbados;2022;0,807;North America
Barbados;2023;0,811;North America
Belize;2015;0,721;North America
Belize;2016;0,727;North America
Belize;2017;0,722;North America
Belize;2018;0,723;North America
Belize;2019;0,725;North America
Belize;2020;0,713;North America
Belize;2021;0,713;North America
Belize;2022;0,717;North America
Belize;2023;0,721;North America
Bolivia;2015;0,704;
Bolivia;2016;0,714;
Bolivia;2017;0,715;
Bolivia;2018;0,722;
Bolivia;2019;0,728;
Bolivia;2020;0,697;
Bolivia;2021;0,693;
Bolivia;2022;0,727;
Bolivia;2023;0,733;
Bosnia and Herzegovina;2023;0,804;Europe
Botswana;2015;0,69;Africa
Botswana;2016;0,696;Africa
Botswana;2017;0,704;Africa
Botswana;2018;0,71;Africa
Botswana;2019;0,718;Africa
Botswana;2020;0,718;Africa
Botswana;2021;0,7;Africa
Botswana;2022;0,729;Africa
Botswana;2023;0,731;Africa
Brazil;2015;0,764;South America
Brazil;2016;0,765;South America
Brazil;2017;0,77;South America
Brazil;2018;0,774;South America
Brazil;2019;0,776;South America
Brazil;2020;0,77;South America
Brazil;2021;0,768;South America
Brazil;2022;0,78;South America
Brazil;2023;0,786;South America
Brunei Darussalam;2015;0,839;
Brunei Darussalam;2016;0,838;
Brunei Darussalam;2017;0,837;
Brunei Darussalam;2018;0,837;
Brunei Darussalam;2019;0,835;
Brunei Darussalam;2020;0,836;
Brunei Darussalam;2021;0,835;
Brunei Darussalam;2022;0,825;
Brunei Darussalam;2023;0,837;
Bulgaria;2015;0,824;Europe
Bulgaria;2016;0,827;Europe
Bulgaria;2017;0,829;Europe
Bulgaria;2018;0,832;Europe
Bulgaria;2019;0,835;Europe
Bulgaria;2020;0,826;Europe
Bulgaria;2021;0,817;Europe
Bulgaria;2022;0,835;Europe
Bulgaria;2023;0,845;Europe
Burkina Faso;2015;0,419;
Burkina Faso;2016;0,427;
Burkina Faso;2017;0,438;
Burkina Faso;2018;0,449;
Burkina Faso;2019;0,453;
Burkina Faso;2020;0,453;
Burkina Faso;2021;0,454;
Burkina Faso;2022;0,457;
Burkina Faso;2023;0,459;
Burundi;2015;0,432;Africa
Burundi;2016;0,436;Africa
Burundi;2017;0,434;Africa
Burundi;2018;0,434;Africa
Burundi;2019;0,435;Africa
Burundi;2020;0,435;Africa
Burundi;2021;0,435;Africa
Burundi;2022;0,437;Africa
Burundi;2023;0,439;Africa
Cabo Verde;2015;0,658;
Cabo Verde;2016;0,661;
Cabo Verde;2017;0,663;
Cabo Verde;2018;0,663;
Cabo Verde;2019;0,667;
Cabo Verde;2020;0,647;
Cabo Verde;2021;0,651;
Cabo Verde;2022;0,664;
Cabo Verde;2023;0,668;
Cambodia;2015;0,562;Asia
Cambodia;2016;0,57;Asia
Cambodia;2017;0,578;Asia
Cambodia;2018;0,586;Asia
Cambodia;2019;0,593;Asia
Cambodia;2020;0,595;Asia
Cambodia;2021;0,594;Asia
Cambodia;2022;0,602;Asia
Cambodia;2023;0,606;Asia
Cameroon;2015;0,575;Africa
Cameroon;2016;0,579;Africa
Cameroon;2017;0,581;Africa
Cameroon;2018;0,582;Africa
Cameroon;2019;0,582;Africa
Cameroon;2020;0,579;Africa
Cameroon;2021;0,574;Africa
Cameroon;2022;0,581;Africa
Cameroon;2023;0,588;Africa
Canada;2015;0,932;North America
Canada;2016;0,933;North America
Canada;2017;0,935;North America
Canada;2018;0,935;North America
Canada;2019;0,937;North America
Canada;2020;0,931;North America
Canada;2021;0,937;North America
Canada;2022;0,935;North America
Canada;2023;0,939;North America
Central African Republic;2015;0,377;Africa
Central African Republic;2016;0,376;Africa
Central African Republic;2017;0,356;Africa
Central African Republic;2018;0,391;Africa
Central African Republic;2019;0,279;Africa
Central African Republic;2020;0,386;Africa
Central African Republic;2021;0,339;Africa
Central African Republic;2022;;Africa
Central African Republic;2023;0,414;Africa
Chad;2015;0,396;Africa
Chad;2016;0,396;Africa
Chad;2017;0,397;Africa
Chad;2018;0,402;Africa
Chad;2019;0,406;Africa
Chad;2020;0,408;Africa
Chad;2021;0,408;Africa
Chad;2022;0,414;Africa
Chad;2023;0,416;Africa
Chile;2015;0,855;South America
Chile;2016;0,859;South America
Chile;2017;0,862;South America
Chile;2018;0,866;South America
Chile;2019;0,867;South America
Chile;2020;0,856;South America
Chile;2021;0,865;South America
Chile;2022;0,869;South America
Chile;2023;0,878;South America
China;2015;0,75;Asia
China;2016;0,758;Asia
China;2017;0,765;Asia
China;2018;0,774;Asia
China;2019;0,781;Asia
China;2020;0,786;Asia
China;2021;0,794;Asia
China;2022;0,796;Asia
China;2023;0,797;Asia
Colombia;2015;0,767;South America
Colombia;2016;0,772;South America
Colombia;2017;0,774;South America
Colombia;2018;0,775;South America
Colombia;2019;0,777;South America
Colombia;2020;0,764;South America
Colombia;2021;0,762;South America
Colombia;2022;0,782;South America
Colombia;2023;0,788;South America
Comoros;2015;0,565;Africa
Comoros;2016;0,571;Africa
Comoros;2017;0,577;Africa
Comoros;2018;0,584;Africa
Comoros;2019;0,589;Africa
Comoros;2020;0,592;Africa
Comoros;2021;0,594;Africa
Comoros;2022;0,602;Africa
Comoros;2023;0,603;Africa
Congo (Brazzaville);2015;0,643;Africa
Congo (Brazzaville);2016;0,64;Africa
Congo (Brazzaville);2017;0,635;Africa
Congo (Brazzaville);2018;0,64;Africa
Congo (Brazzaville);2019;0,634;Africa
Congo (Brazzaville);2020;0,643;Africa
Congo (Brazzaville);2021;0,643;Africa
Congo (Brazzaville);2022;0,644;Africa
Congo (Brazzaville);2023;0,649;Africa
Congo (Brazzaville) (Democratic Republic of the);2015;0,477;
Congo (Brazzaville) (Democratic Republic of the);2016;0,487;
Congo (Brazzaville) (Democratic Republic of the);2017;0,491;
Congo (Brazzaville) (Democratic Republic of the);2018;0,497;
Congo (Brazzaville) (Democratic Republic of the);2019;0,501;
Congo (Brazzaville) (Democratic Republic of the);2020;0,506;
Congo (Brazzaville) (Democratic Republic of the);2021;0,508;
Congo (Brazzaville) (Democratic Republic of the);2022;0,514;
Congo (Brazzaville) (Democratic Republic of the);2023;0,522;
Costa Rica;2015;0,803;North America
Costa Rica;2016;0,805;North America
Costa Rica;2017;0,809;North America
Costa Rica;2018;0,813;North America
Costa Rica;2019;0,821;North America
Costa Rica;2020;0,819;North America
Costa Rica;2021;0,817;North America
Costa Rica;2022;0,823;North America
Costa Rica;2023;0,833;North America
Croatia;2015;0,852;Europe
Croatia;2016;0,856;Europe
Croatia;2017;0,862;Europe
Croatia;2018;0,867;Europe
Croatia;2019;0,872;Europe
Croatia;2020;0,867;Europe
Croatia;2021;0,876;Europe
Croatia;2022;0,886;Europe
Croatia;2023;0,889;Europe
Cuba;2015;0,769;North America
Cuba;2016;0,767;North America
Cuba;2017;0,767;North America
Cuba;2018;0,769;North America
Cuba;2019;0,769;North America
Cuba;2020;0,762;North America
Cuba;2021;0,745;North America
Cuba;2022;0,764;North America
Cuba;2023;0,762;North America
Cyprus;2015;0,882;Europe
Cyprus;2016;0,888;Europe
Cyprus;2017;0,897;Europe
Cyprus;2018;0,902;Europe
Cyprus;2019;0,907;Europe
Cyprus;2020;0,905;Europe
Cyprus;2021;0,907;Europe
Cyprus;2022;0,908;Europe
Cyprus;2023;0,913;Europe
Czechia;2015;0,9;Europe
Czechia;2016;0,902;Europe
Czechia;2017;0,904;Europe
Czechia;2018;0,901;Europe
Czechia;2019;0,903;Europe
Czechia;2020;0,898;Europe
Czechia;2021;0,901;Europe
Czechia;2022;0,911;Europe
Czechia;2023;0,915;Europe
Ivory Coast;2015;0,519;
Ivory Coast;2016;0,53;
Ivory Coast;2017;0,539;
Ivory Coast;2018;0,545;
Ivory Coast;2019;0,552;
Ivory Coast;2020;0,553;
Ivory Coast;2021;0,557;
Ivory Coast;2022;0,565;
Ivory Coast;2023;0,582;
Denmark;2015;0,943;Europe
Denmark;2016;0,951;Europe
Denmark;2017;0,951;Europe
Denmark;2018;0,95;Europe
Denmark;2019;0,953;Europe
Denmark;2020;0,954;Europe
Denmark;2021;0,958;Europe
Denmark;2022;0,959;Europe
Denmark;2023;0,962;Europe
Djibouti;2015;0,469;Africa
Djibouti;2016;0,477;Africa
Djibouti;2017;0,484;Africa
Djibouti;2018;0,492;Africa
Djibouti;2019;0,497;Africa
Djibouti;2020;0,499;Africa
Djibouti;2021;0,501;Africa
Djibouti;2022;0,51;Africa
Djibouti;2023;0,513;Africa
Dominica;2015;0,741;North America
Dominica;2016;0,751;North America
Dominica;2017;0,735;North America
Dominica;2018;0,755;North America
Dominica;2019;0,758;North America
Dominica;2020;0,753;North America
Dominica;2021;0,749;North America
Dominica;2022;0,759;North America
Dominica;2023;0,761;North America
Dominican Republic;2015;0,747;North America
Dominican Republic;2016;0,766;North America
Dominican Republic;2017;0,77;North America
Dominican Republic;2018;0,773;North America
Dominican Republic;2019;0,771;North America
Dominican Republic;2020;0,767;North America
Dominican Republic;2021;0,762;North America
Dominican Republic;2022;0,778;North America
Dominican Republic;2023;0,776;North America
Ecuador;2015;0,764;South America
Ecuador;2016;0,761;South America
Ecuador;2017;0,764;South America
Ecuador;2018;0,767;South America
Ecuador;2019;0,765;South America
Ecuador;2020;0,74;South America
Ecuador;2021;0,753;South America
Ecuador;2022;0,773;South America
Ecuador;2023;0,777;South America
Egypt;2015;0,706;Africa
Egypt;2016;0,713;Africa
Egypt;2017;0,72;Africa
Egypt;2018;0,728;Africa
Egypt;2019;0,736;Africa
Egypt;2020;0,736;Africa
Egypt;2021;0,738;Africa
Egypt;2022;0,751;Africa
Egypt;2023;0,754;Africa
El Salvador;2015;0,667;North America
El Salvador;2016;0,666;North America
El Salvador;2017;0,665;North America
El Salvador;2018;0,67;North America
El Salvador;2019;0,67;North America
El Salvador;2020;0,66;North America
El Salvador;2021;0,663;North America
El Salvador;2022;0,674;North America
El Salvador;2023;0,678;North America
Equatorial Guinea;2015;0,656;Africa
Equatorial Guinea;2016;0,659;Africa
Equatorial Guinea;2017;0,661;Africa
Equatorial Guinea;2018;0,663;Africa
Equatorial Guinea;2019;0,667;Africa
Equatorial Guinea;2020;0,668;Africa
Equatorial Guinea;2021;0,671;Africa
Equatorial Guinea;2022;0,677;Africa
Equatorial Guinea;2023;0,674;Africa
Eritrea;2015;0,48;Africa
Eritrea;2016;0,485;Africa
Eritrea;2017;0,48;Africa
Eritrea;2018;0,49;Africa
Eritrea;2019;0,495;Africa
Eritrea;2020;0,495;Africa
Eritrea;2021;0,496;Africa
Eritrea;2022;0,499;Africa
Eritrea;2023;0,503;Africa
Estonia;2015;0,888;Europe
Estonia;2016;0,89;Europe
Estonia;2017;0,894;Europe
Estonia;2018;0,897;Europe
Estonia;2019;0,901;Europe
Estonia;2020;0,901;Europe
Estonia;2021;0,899;Europe
Estonia;2022;0,902;Europe
Estonia;2023;0,905;Europe
Eswatini (Kingdom of);2015;0,607;
Eswatini (Kingdom of);2016;0,619;
Eswatini (Kingdom of);2017;0,631;
Eswatini (Kingdom of);2018;0,643;
Eswatini (Kingdom of);2019;0,653;
Eswatini (Kingdom of);2020;0,657;
Eswatini (Kingdom of);2021;0,658;
Eswatini (Kingdom of);2022;0,695;
Eswatini (Kingdom of);2023;0,695;
Ethiopia;2015;0,456;Africa
Ethiopia;2016;0,463;Africa
Ethiopia;2017;0,47;Africa
Ethiopia;2018;0,476;Africa
Ethiopia;2019;0,482;Africa
Ethiopia;2020;0,486;Africa
Ethiopia;2021;0,487;Africa
Ethiopia;2022;0,494;Africa
Ethiopia;2023;0,497;Africa
Fiji;2015;0,715;Oceania
Fiji;2016;0,719;Oceania
Fiji;2017;0,725;Oceania
Fiji;2018;0,728;Oceania
Fiji;2019;0,727;Oceania
Fiji;2020;0,718;Oceania
Fiji;2021;0,705;Oceania
Fiji;2022;0,726;Oceania
Fiji;2023;0,731;Oceania
Finland;2015;0,938;Europe
Finland;2016;0,94;Europe
Finland;2017;0,942;Europe
Finland;2018;0,945;Europe
Finland;2019;0,947;Europe
Finland;2020;0,947;Europe
Finland;2021;0,949;Europe
Finland;2022;0,946;Europe
Finland;2023;0,948;Europe
France;2015;0,901;Europe
France;2016;0,905;Europe
France;2017;0,908;Europe
France;2018;0,911;Europe
France;2019;0,914;Europe
France;2020;0,909;Europe
France;2021;0,915;Europe
France;2022;0,916;Europe
France;2023;0,92;Europe
Gabon;2015;0,72;Africa
Gabon;2016;0,724;Africa
Gabon;2017;0,726;Africa
Gabon;2018;0,727;Africa
Gabon;2019;0,73;Africa
Gabon;2020;0,732;Africa
Gabon;2021;0,72;Africa
Gabon;2022;0,73;Africa
Gabon;2023;0,733;Africa
Gambia;2015;0,482;Africa
Gambia;2016;0,487;Africa
Gambia;2017;0,493;Africa
Gambia;2018;0,5;Africa
Gambia;2019;0,508;Africa
Gambia;2020;0,512;Africa
Gambia;2021;0,513;Africa
Gambia;2022;0,519;Africa
Gambia;2023;0,524;Africa
Georgia;2015;0,807;Europe
Georgia;2016;0,809;Europe
Georgia;2017;0,816;Europe
Georgia;2018;0,824;Europe
Georgia;2019;0,83;Europe
Georgia;2020;0,822;Europe
Georgia;2021;0,819;Europe
Georgia;2022;0,838;Europe
Georgia;2023;0,844;Europe
Germany;2015;0,948;Europe
Germany;2016;0,949;Europe
Germany;2017;0,951;Europe
Germany;2018;0,952;Europe
Germany;2019;0,957;Europe
Germany;2020;0,955;Europe
Germany;2021;0,958;Europe
Germany;2022;0,955;Europe
Germany;2023;0,959;Europe
Ghana;2015;0,588;Africa
Ghana;2016;0,59;Africa
Ghana;2017;0,594;Africa
Ghana;2018;0,6;Africa
Ghana;2019;0,609;Africa
Ghana;2020;0,614;Africa
Ghana;2021;0,618;Africa
Ghana;2022;0,625;Africa
Ghana;2023;0,628;Africa
Greece;2015;0,888;Europe
Greece;2016;0,884;Europe
Greece;2017;0,887;Europe
Greece;2018;0,893;Europe
Greece;2019;0,896;Europe
Greece;2020;0,896;Europe
Greece;2021;0,897;Europe
Greece;2022;0,897;Europe
Greece;2023;0,908;Europe
Grenada;2015;0,782;North America
Grenada;2016;0,784;North America
Grenada;2017;0,784;North America
Grenada;2018;0,788;North America
Grenada;2019;0,789;North America
Grenada;2020;0,782;North America
Grenada;2021;0,782;North America
Grenada;2022;0,789;North America
Grenada;2023;0,791;North America
Guatemala;2015;0,638;North America
Guatemala;2016;0,642;North America
Guatemala;2017;0,647;North America
Guatemala;2018;0,649;North America
Guatemala;2019;0,653;North America
Guatemala;2020;0,645;North America
Guatemala;2021;0,639;North America
Guatemala;2022;0,655;North America
Guatemala;2023;0,662;North America
Guinea;2015;0,465;Africa
Guinea;2016;0,482;Africa
Guinea;2017;0,482;Africa
Guinea;2018;0,479;Africa
Guinea;2019;0,486;Africa
Guinea;2020;0,488;Africa
Guinea;2021;0,49;Africa
Guinea;2022;0,498;Africa
Guinea;2023;0,5;Africa
Guinea-Bissau;2015;0,481;Africa
Guinea-Bissau;2016;0,486;Africa
Guinea-Bissau;2017;0,491;Africa
Guinea-Bissau;2018;0,493;Africa
Guinea-Bissau;2019;0,501;Africa
Guinea-Bissau;2020;0,498;Africa
Guinea-Bissau;2021;0,502;Africa
Guinea-Bissau;2022;0,511;Africa
Guinea-Bissau;2023;0,514;Africa
Guyana;2015;0,683;South America
Guyana;2016;0,69;South America
Guyana;2017;0,696;South America
Guyana;2018;0,702;South America
Guyana;2019;0,709;South America
Guyana;2020;0,722;South America
Guyana;2021;0,713;South America
Guyana;2022;0,763;South America
Guyana;2023;0,776;South America
Haiti;2015;0,552;North America
Haiti;2016;0,555;North America
Haiti;2017;0,559;North America
Haiti;2018;0,561;North America
Haiti;2019;0,56;North America
Haiti;2020;0,555;North America
Haiti;2021;0,548;North America
Haiti;2022;0,552;North America
Haiti;2023;0,554;North America
Honduras;2015;0,61;North America
Honduras;2016;0,616;North America
Honduras;2017;0,618;North America
Honduras;2018;0,619;North America
Honduras;2019;0,632;North America
Honduras;2020;0,625;North America
Honduras;2021;0,628;North America
Honduras;2022;0,643;North America
Honduras;2023;0,645;North America
Hong Kong, China (SAR);2015;0,937;
Hong Kong, China (SAR);2016;0,94;
Hong Kong, China (SAR);2017;0,946;
Hong Kong, China (SAR);2018;0,952;
Hong Kong, China (SAR);2019;0,952;
Hong Kong, China (SAR);2020;0,95;
Hong Kong, China (SAR);2021;0,961;
Hong Kong, China (SAR);2022;0,95;
Hong Kong, China (SAR);2023;0,955;
Hungary;2015;0,847;Europe
Hungary;2016;0,851;Europe
Hungary;2017;0,853;Europe
Hungary;2018;0,857;Europe
Hungary;2019;0,861;Europe
Hungary;2020;0,857;Europe
Hungary;2021;0,852;Europe
Hungary;2022;0,867;Europe
Hungary;2023;0,87;Europe
Iceland;2015;0,956;Europe
Iceland;2016;0,959;Europe
Iceland;2017;0,962;Europe
Iceland;2018;0,966;Europe
Iceland;2019;0,969;Europe
Iceland;2020;0,965;Europe
Iceland;2021;0,967;Europe
Iceland;2022;0,964;Europe
Iceland;2023;0,972;Europe
India;2015;0,633;Asia
India;2016;0,644;Asia
India;2017;0,649;Asia
India;2018;0,648;Asia
India;2019;0,651;Asia
India;2020;0,652;Asia
India;2021;0,647;Asia
India;2022;0,676;Asia
India;2023;0,685;Asia
Indonesia;2015;0,701;Asia
Indonesia;2016;0,705;Asia
Indonesia;2017;0,712;Asia
Indonesia;2018;0,715;Asia
Indonesia;2019;0,714;Asia
Indonesia;2020;0,71;Asia
Indonesia;2021;0,707;Asia
Indonesia;2022;0,726;Asia
Indonesia;2023;0,728;Asia
Iran;2015;0,788;
Iran;2016;0,791;
Iran;2017;0,793;
Iran;2018;0,79;
Iran;2019;0,787;
Iran;2020;0,775;
Iran;2021;0,777;
Iran;2022;0,793;
Iran;2023;0,799;
Iraq;2015;0,675;Asia
Iraq;2016;0,676;Asia
Iraq;2017;0,681;Asia
Iraq;2018;0,689;Asia
Iraq;2019;0,693;Asia
Iraq;2020;0,68;Asia
Iraq;2021;0,687;Asia
Iraq;2022;0,695;Asia
Iraq;2023;0,695;Asia
Ireland;2015;0,931;Europe
Ireland;2016;0,936;Europe
Ireland;2017;0,941;Europe
Ireland;2018;0,944;Europe
Ireland;2019;0,947;Europe
Ireland;2020;0,948;Europe
Ireland;2021;0,946;Europe
Ireland;2022;0,947;Europe
Ireland;2023;0,949;Europe
Israel;2015;0,902;Asia
Israel;2016;0,905;Asia
Israel;2017;0,908;Asia
Israel;2018;0,911;Asia
Israel;2019;0,913;Asia
Israel;2020;0,912;Asia
Israel;2021;0,918;Asia
Israel;2022;0,921;Asia
Israel;2023;0,919;Asia
Italy;2015;0,889;Europe
Italy;2016;0,894;Europe
Italy;2017;0,897;Europe
Italy;2018;0,902;Europe
Italy;2019;0,906;Europe
Italy;2020;0,899;Europe
Italy;2021;0,908;Europe
Italy;2022;0,905;Europe
Italy;2023;0,915;Europe
Jamaica;2015;0,713;North America
Jamaica;2016;0,714;North America
Jamaica;2017;0,715;North America
Jamaica;2018;0,715;North America
Jamaica;2019;0,716;North America
Jamaica;2020;0,711;North America
Jamaica;2021;0,703;North America
Jamaica;2022;0,718;North America
Jamaica;2023;0,72;North America
Japan;2015;0,917;Asia
Japan;2016;0,918;Asia
Japan;2017;0,92;Asia
Japan;2018;0,921;Asia
Japan;2019;0,922;Asia
Japan;2020;0,922;Asia
Japan;2021;0,922;Asia
Japan;2022;0,921;Asia
Japan;2023;0,925;Asia
Jordan;2015;0,743;Asia
Jordan;2016;0,745;Asia
Jordan;2017;0,747;Asia
Jordan;2018;0,747;Asia
Jordan;2019;0,75;Asia
Jordan;2020;0,743;Asia
Jordan;2021;0,736;Asia
Jordan;2022;0,751;Asia
Jordan;2023;0,754;Asia
Kazakhstan;2015;0,819;Asia
Kazakhstan;2016;0,82;Asia
Kazakhstan;2017;0,824;Asia
Kazakhstan;2018;0,828;Asia
Kazakhstan;2019;0,834;Asia
Kazakhstan;2020;0,826;Asia
Kazakhstan;2021;0,816;Asia
Kazakhstan;2022;0,831;Asia
Kazakhstan;2023;0,837;Asia
Kenya;2015;0,583;Africa
Kenya;2016;0,594;Africa
Kenya;2017;0,599;Africa
Kenya;2018;0,605;Africa
Kenya;2019;0,611;Africa
Kenya;2020;0,6;Africa
Kenya;2021;0,608;Africa
Kenya;2022;0,626;Africa
Kenya;2023;0,628;Africa
Kiribati;2015;0,623;Oceania
Kiribati;2016;0,627;Oceania
Kiribati;2017;0,63;Oceania
Kiribati;2018;0,633;Oceania
Kiribati;2019;0,635;Oceania
Kiribati;2020;0,632;Oceania
Kiribati;2021;0,631;Oceania
Kiribati;2022;0,642;Oceania
Kiribati;2023;0,644;Oceania
Korea (Democratic People's Rep. of);2015;;
Korea (Democratic People's Rep. of);2016;;
Korea (Democratic People's Rep. of);2017;;
Korea (Democratic People's Rep. of);2018;;
Korea (Democratic People's Rep. of);2019;;
Korea (Democratic People's Rep. of);2020;;
Korea (Democratic People's Rep. of);2021;;
Korea (Democratic People's Rep. of);2022;;
Korea (Democratic People's Rep. of);2023;;
South Korea;2015;0,914;
South Korea;2016;0,918;
South Korea;2017;0,922;
South Korea;2018;0,924;
South Korea;2019;0,927;
South Korea;2020;0,928;
South Korea;2021;0,933;
South Korea;2022;0,928;
South Korea;2023;0,937;
Kuwait;2015;0,832;Asia
Kuwait;2016;0,836;Asia
Kuwait;2017;0,838;Asia
Kuwait;2018;0,84;Asia
Kuwait;2019;0,843;Asia
Kuwait;2020;0,837;Asia
Kuwait;2021;0,839;Asia
Kuwait;2022;0,845;Asia
Kuwait;2023;0,852;Asia
Kyrgyzstan;2015;0,695;Asia
Kyrgyzstan;2016;0,7;Asia
Kyrgyzstan;2017;0,704;Asia
Kyrgyzstan;2018;0,708;Asia
Kyrgyzstan;2019;0,708;Asia
Kyrgyzstan;2020;0,7;Asia
Kyrgyzstan;2021;0,704;Asia
Kyrgyzstan;2022;0,717;Asia
Kyrgyzstan;2023;0,72;Asia
Laos;2015;0,604;
Laos;2016;0,609;
Laos;2017;0,612;
Laos;2018;0,613;
Laos;2019;0,615;
Laos;2020;0,616;
Laos;2021;0,613;
Laos;2022;0,614;
Laos;2023;0,617;
Latvia;2015;0,859;Europe
Latvia;2016;0,864;Europe
Latvia;2017;0,87;Europe
Latvia;2018;0,875;Europe
Latvia;2019;0,88;Europe
Latvia;2020;0,879;Europe
Latvia;2021;0,871;Europe
Latvia;2022;0,881;Europe
Latvia;2023;0,889;Europe
Lebanon;2015;0,763;Asia
Lebanon;2016;0,767;Asia
Lebanon;2017;0,772;Asia
Lebanon;2018;0,774;Asia
Lebanon;2019;0,771;Asia
Lebanon;2020;0,75;Asia
Lebanon;2021;0,733;Asia
Lebanon;2022;0,755;Asia
Lebanon;2023;0,752;Asia
Lesotho;2015;0,517;Africa
Lesotho;2016;0,526;Africa
Lesotho;2017;0,531;Africa
Lesotho;2018;0,538;Africa
Lesotho;2019;0,541;Africa
Lesotho;2020;0,537;Africa
Lesotho;2021;0,532;Africa
Lesotho;2022;0,547;Africa
Lesotho;2023;0,55;Africa
Liberia;2015;0,48;Africa
Liberia;2016;0,485;Africa
Liberia;2017;0,491;Africa
Liberia;2018;0,495;Africa
Liberia;2019;0,497;Africa
Liberia;2020;0,498;Africa
Liberia;2021;0,503;Africa
Liberia;2022;0,508;Africa
Liberia;2023;0,51;Africa
Libya;2015;0,728;Africa
Libya;2016;0,725;Africa
Libya;2017;0,74;Africa
Libya;2018;0,743;Africa
Libya;2019;0,737;Africa
Libya;2020;0,688;Africa
Libya;2021;0,729;Africa
Libya;2022;0,741;Africa
Libya;2023;0,721;Africa
Liechtenstein;2015;0,925;Europe
Liechtenstein;2016;0,926;Europe
Liechtenstein;2017;0,929;Europe
Liechtenstein;2018;0,928;Europe
Liechtenstein;2019;0,935;Europe
Liechtenstein;2020;0,929;Europe
Liechtenstein;2021;0,933;Europe
Liechtenstein;2022;0,936;Europe
Liechtenstein;2023;0,938;Europe
Lithuania;2015;0,869;Europe
Lithuania;2016;0,875;Europe
Lithuania;2017;0,885;Europe
Lithuania;2018;0,889;Europe
Lithuania;2019;0,894;Europe
Lithuania;2020;0,888;Europe
Lithuania;2021;0,887;Europe
Lithuania;2022;0,888;Europe
Lithuania;2023;0,895;Europe
Luxembourg;2015;0,913;Europe
Luxembourg;2016;0,916;Europe
Luxembourg;2017;0,913;Europe
Luxembourg;2018;0,915;Europe
Luxembourg;2019;0,916;Europe
Luxembourg;2020;0,916;Europe
Luxembourg;2021;0,918;Europe
Luxembourg;2022;0,922;Europe
Luxembourg;2023;0,922;Europe
Madagascar;2015;0,501;Africa
Madagascar;2016;0,501;Africa
Madagascar;2017;0,505;Africa
Madagascar;2018;0,501;Africa
Madagascar;2019;0,495;Africa
Madagascar;2020;0,483;Africa
Madagascar;2021;0,481;Africa
Madagascar;2022;0,483;Africa
Madagascar;2023;0,487;Africa
Malawi;2015;0,504;Africa
Malawi;2016;0,506;Africa
Malawi;2017;0,508;Africa
Malawi;2018;0,51;Africa
Malawi;2019;0,513;Africa
Malawi;2020;0,512;Africa
Malawi;2021;0,509;Africa
Malawi;2022;0,513;Africa
Malawi;2023;0,517;Africa
Malaysia;2015;0,8;Asia
Malaysia;2016;0,805;Asia
Malaysia;2017;0,807;Asia
Malaysia;2018;0,809;Asia
Malaysia;2019;0,812;Asia
Malaysia;2020;0,81;Asia
Malaysia;2021;0,802;Asia
Malaysia;2022;0,81;Asia
Malaysia;2023;0,819;Asia
Maldives;2015;0,725;Asia
Maldives;2016;0,732;Asia
Maldives;2017;0,739;Asia
Maldives;2018;0,744;Asia
Maldives;2019;0,749;Asia
Maldives;2020;0,73;Asia
Maldives;2021;0,745;Asia
Maldives;2022;0,764;Asia
Maldives;2023;0,766;Asia
Mali;2015;0,413;Africa
Mali;2016;0,411;Africa
Mali;2017;0,416;Africa
Mali;2018;0,421;Africa
Mali;2019;0,425;Africa
Mali;2020;0,414;Africa
Mali;2021;0,414;Africa
Mali;2022;0,417;Africa
Mali;2023;0,419;Africa
Malta;2015;0,892;Europe
Malta;2016;0,891;Europe
Malta;2017;0,901;Europe
Malta;2018;0,908;Europe
Malta;2019;0,91;Europe
Malta;2020;0,903;Europe
Malta;2021;0,914;Europe
Malta;2022;0,917;Europe
Malta;2023;0,924;Europe
Marshall Islands;2015;0,691;Oceania
Marshall Islands;2016;0,696;Oceania
Marshall Islands;2017;0,702;Oceania
Marshall Islands;2018;0,71;Oceania
Marshall Islands;2019;0,722;Oceania
Marshall Islands;2020;0,722;Oceania
Marshall Islands;2021;0,723;Oceania
Marshall Islands;2022;0,732;Oceania
Marshall Islands;2023;0,733;Oceania
Mauritania;2015;0,551;Africa
Mauritania;2016;0,548;Africa
Mauritania;2017;0,551;Africa
Mauritania;2018;0,561;Africa
Mauritania;2019;0,566;Africa
Mauritania;2020;0,554;Africa
Mauritania;2021;0,553;Africa
Mauritania;2022;0,562;Africa
Mauritania;2023;0,563;Africa
Mauritius;2015;0,792;Africa
Mauritius;2016;0,795;Africa
Mauritius;2017;0,799;Africa
Mauritius;2018;0,801;Africa
Mauritius;2019;0,803;Africa
Mauritius;2020;0,795;Africa
Mauritius;2021;0,789;Africa
Mauritius;2022;0,794;Africa
Mauritius;2023;0,806;Africa
Mexico;2015;0,773;North America
Mexico;2016;0,778;North America
Mexico;2017;0,781;North America
Mexico;2018;0,785;North America
Mexico;2019;0,788;North America
Mexico;2020;0,763;North America
Mexico;2021;0,761;North America
Mexico;2022;0,783;North America
Mexico;2023;0,789;North America
Micronesia (Federated States of);2015;0,604;
Micronesia (Federated States of);2016;0,606;
Micronesia (Federated States of);2017;0,607;
Micronesia (Federated States of);2018;0,608;
Micronesia (Federated States of);2019;0,611;
Micronesia (Federated States of);2020;0,609;
Micronesia (Federated States of);2021;0,611;
Micronesia (Federated States of);2022;0,614;
Micronesia (Federated States of);2023;0,615;
Moldova;2015;0,759;
Moldova;2016;0,763;
Moldova;2017;0,769;
Moldova;2018;0,772;
Moldova;2019;0,775;
Moldova;2020;0,77;
Moldova;2021;0,773;
Moldova;2022;0,784;
Moldova;2023;0,785;
Monaco;2015;;Europe
Monaco;2016;;Europe
Monaco;2017;;Europe
Monaco;2018;;Europe
Monaco;2019;;Europe
Monaco;2020;;Europe
Monaco;2021;;Europe
Monaco;2022;;Europe
Monaco;2023;;Europe
Mongolia;2015;0,753;Asia
Mongolia;2016;0,759;Asia
Mongolia;2017;0,759;Asia
Mongolia;2018;0,767;Asia
Mongolia;2019;0,758;Asia
Mongolia;2020;0,741;Asia
Mongolia;2021;0,727;Asia
Mongolia;2022;0,742;Asia
Mongolia;2023;0,747;Asia
Montenegro;2015;0,839;Europe
Montenegro;2016;0,836;Europe
Montenegro;2017;0,843;Europe
Montenegro;2018;0,849;Europe
Montenegro;2019;0,851;Europe
Montenegro;2020;0,841;Europe
Montenegro;2021;0,84;Europe
Montenegro;2022;0,853;Europe
Montenegro;2023;0,862;Europe
Morocco;2015;0,659;Africa
Morocco;2016;0,665;Africa
Morocco;2017;0,674;Africa
Morocco;2018;0,68;Africa
Morocco;2019;0,687;Africa
Morocco;2020;0,683;Africa
Morocco;2021;0,69;Africa
Morocco;2022;0,704;Africa
Morocco;2023;0,71;Africa
Mozambique;2015;0,457;Africa
Mozambique;2016;0,46;Africa
Mozambique;2017;0,461;Africa
Mozambique;2018;0,469;Africa
Mozambique;2019;0,475;Africa
Mozambique;2020;0,477;Africa
Mozambique;2021;0,478;Africa
Mozambique;2022;0,49;Africa
Mozambique;2023;0,493;Africa
Myanmar;2015;0,566;
Myanmar;2016;0,574;
Myanmar;2017;0,587;
Myanmar;2018;0,6;
Myanmar;2019;0,61;
Myanmar;2020;0,609;
Myanmar;2021;0,605;
Myanmar;2022;0,606;
Myanmar;2023;0,609;
Namibia;2015;0,63;Africa
Namibia;2016;0,634;Africa
Namibia;2017;0,638;Africa
Namibia;2018;0,642;Africa
Namibia;2019;0,647;Africa
Namibia;2020;0,647;Africa
Namibia;2021;0,631;Africa
Namibia;2022;0,649;Africa
Namibia;2023;0,665;Africa
Nauru;2015;0,66;Oceania
Nauru;2016;0,67;Oceania
Nauru;2017;0,67;Oceania
Nauru;2018;0,668;Oceania
Nauru;2019;0,678;Oceania
Nauru;2020;0,684;Oceania
Nauru;2021;0,692;Oceania
Nauru;2022;0,7;Oceania
Nauru;2023;0,703;Oceania
Nepal;2015;0,575;Asia
Nepal;2016;0,58;Asia
Nepal;2017;0,588;Asia
Nepal;2018;0,596;Asia
Nepal;2019;0,604;Asia
Nepal;2020;0,599;Asia
Nepal;2021;0,596;Asia
Nepal;2022;0,605;Asia
Nepal;2023;0,622;Asia
Netherlands;2015;0,94;Europe
Netherlands;2016;0,941;Europe
Netherlands;2017;0,945;Europe
Netherlands;2018;0,947;Europe
Netherlands;2019;0,95;Europe
Netherlands;2020;0,945;Europe
Netherlands;2021;0,951;Europe
Netherlands;2022;0,953;Europe
Netherlands;2023;0,955;Europe
New Zealand;2015;0,934;Oceania
New Zealand;2016;0,938;Oceania
New Zealand;2017;0,936;Oceania
New Zealand;2018;0,938;Oceania
New Zealand;2019;0,938;Oceania
New Zealand;2020;0,94;Oceania
New Zealand;2021;0,939;Oceania
New Zealand;2022;0,933;Oceania
New Zealand;2023;0,938;Oceania
Nicaragua;2015;0,679;North America
Nicaragua;2016;0,684;North America
Nicaragua;2017;0,688;North America
Nicaragua;2018;0,69;North America
Nicaragua;2019;0,69;North America
Nicaragua;2020;0,676;North America
Nicaragua;2021;0,682;North America
Nicaragua;2022;0,701;North America
Nicaragua;2023;0,706;North America
Niger;2015;0,374;Africa
Niger;2016;0,38;Africa
Niger;2017;0,384;Africa
Niger;2018;0,391;Africa
Niger;2019;0,4;Africa
Niger;2020;0,404;Africa
Niger;2021;0,413;Africa
Niger;2022;0,414;Africa
Niger;2023;0,419;Africa
Nigeria;2015;0,53;Africa
Nigeria;2016;0,532;Africa
Nigeria;2017;0,534;Africa
Nigeria;2018;0,537;Africa
Nigeria;2019;0,544;Africa
Nigeria;2020;0,547;Africa
Nigeria;2021;0,554;Africa
Nigeria;2022;0,557;Africa
Nigeria;2023;0,56;Africa
North Macedonia;2015;0,795;
North Macedonia;2016;0,8;
North Macedonia;2017;0,807;
North Macedonia;2018;0,814;
North Macedonia;2019;0,805;
North Macedonia;2020;0,783;
North Macedonia;2021;0,781;
North Macedonia;2022;0,811;
North Macedonia;2023;0,815;
Norway;2015;0,959;Europe
Norway;2016;0,962;Europe
Norway;2017;0,965;Europe
Norway;2018;0,966;Europe
Norway;2019;0,967;Europe
Norway;2020;0,969;Europe
Norway;2021;0,969;Europe
Norway;2022;0,967;Europe
Norway;2023;0,97;Europe
Oman;2015;0,838;Asia
Oman;2016;0,845;Asia
Oman;2017;0,848;Asia
Oman;2018;0,854;Asia
Oman;2019;0,857;Asia
Oman;2020;0,843;Asia
Oman;2021;0,834;Asia
Oman;2022;0,846;Asia
Oman;2023;0,858;Asia
Pakistan;2015;0,527;Asia
Pakistan;2016;0,535;Asia
Pakistan;2017;0,537;Asia
Pakistan;2018;0,538;Asia
Pakistan;2019;0,54;Asia
Pakistan;2020;0,536;Asia
Pakistan;2021;0,537;Asia
Pakistan;2022;0,544;Asia
Pakistan;2023;0,544;Asia
Palau;2015;0,802;Oceania
Palau;2016;0,804;Oceania
Palau;2017;0,804;Oceania
Palau;2018;0,805;Oceania
Palau;2019;0,806;Oceania
Palau;2020;0,799;Oceania
Palau;2021;0,789;Oceania
Palau;2022;0,786;Oceania
Palau;2023;0,786;Oceania
Palestine, State of;2015;0,712;
Palestine, State of;2016;0,717;
Palestine, State of;2017;0,721;
Palestine, State of;2018;0,725;
Palestine, State of;2019;0,729;
Palestine, State of;2020;0,718;
Palestine, State of;2021;0,718;
Palestine, State of;2022;0,733;
Palestine, State of;2023;0,674;
Panama;2015;0,803;North America
Panama;2016;0,81;North America
Panama;2017;0,815;North America
Panama;2018;0,82;North America
Panama;2019;0,824;North America
Panama;2020;0,808;North America
Panama;2021;0,819;North America
Panama;2022;0,835;North America
Panama;2023;0,839;North America
Papua New Guinea;2015;0,543;Oceania
Papua New Guinea;2016;0,55;Oceania
Papua New Guinea;2017;0,555;Oceania
Papua New Guinea;2018;0,559;Oceania
Papua New Guinea;2019;0,566;Oceania
Papua New Guinea;2020;0,567;Oceania
Papua New Guinea;2021;0,567;Oceania
Papua New Guinea;2022;0,572;Oceania
Papua New Guinea;2023;0,576;Oceania
Paraguay;2015;0,737;South America
Paraguay;2016;0,737;South America
Paraguay;2017;0,74;South America
Paraguay;2018;0,744;South America
Paraguay;2019;0,747;South America
Paraguay;2020;0,742;South America
Paraguay;2021;0,723;South America
Paraguay;2022;0,747;South America
Paraguay;2023;0,756;South America
Peru;2015;0,768;South America
Peru;2016;0,775;South America
Peru;2017;0,775;South America
Peru;2018;0,78;South America
Peru;2019;0,784;South America
Peru;2020;0,769;South America
Peru;2021;0,764;South America
Peru;2022;0,79;South America
Peru;2023;0,794;South America
Philippines;2015;0,69;Asia
Philippines;2016;0,69;Asia
Philippines;2017;0,694;Asia
Philippines;2018;0,7;Asia
Philippines;2019;0,708;Asia
Philippines;2020;0,699;Asia
Philippines;2021;0,69;Asia
Philippines;2022;0,714;Asia
Philippines;2023;0,72;Asia
Poland;2015;0,879;Europe
Poland;2016;0,884;Europe
Poland;2017;0,882;Europe
Poland;2018;0,884;Europe
Poland;2019;0,887;Europe
Poland;2020;0,88;Europe
Poland;2021;0,884;Europe
Poland;2022;0,902;Europe
Poland;2023;0,906;Europe
Portugal;2015;0,857;Europe
Portugal;2016;0,859;Europe
Portugal;2017;0,864;Europe
Portugal;2018;0,866;Europe
Portugal;2019;0,872;Europe
Portugal;2020;0,87;Europe
Portugal;2021;0,876;Europe
Portugal;2022;0,883;Europe
Portugal;2023;0,89;Europe
Qatar;2015;0,86;Asia
Qatar;2016;0,861;Asia
Qatar;2017;0,87;Asia
Qatar;2018;0,876;Asia
Qatar;2019;0,88;Asia
Qatar;2020;0,872;Asia
Qatar;2021;0,866;Asia
Qatar;2022;0,883;Asia
Qatar;2023;0,886;Asia
Romania;2015;0,823;Europe
Romania;2016;0,823;Europe
Romania;2017;0,828;Europe
Romania;2018;0,833;Europe
Romania;2019;0,838;Europe
Romania;2020;0,832;Europe
Romania;2021;0,829;Europe
Romania;2022;0,84;Europe
Romania;2023;0,845;Europe
Russia;2015;0,833;
Russia;2016;0,835;
Russia;2017;0,838;
Russia;2018;0,845;
Russia;2019;0,847;
Russia;2020;0,818;
Russia;2021;0,813;
Russia;2022;0,826;
Russia;2023;0,832;
Rwanda;2015;0,525;Africa
Rwanda;2016;0,534;Africa
Rwanda;2017;0,539;Africa
Rwanda;2018;0,54;Africa
Rwanda;2019;0,55;Africa
Rwanda;2020;0,555;Africa
Rwanda;2021;0,562;Africa
Rwanda;2022;0,57;Africa
Rwanda;2023;0,578;Africa
Saint Kitts and Nevis;2015;0,83;North America
Saint Kitts and Nevis;2016;0,832;North America
Saint Kitts and Nevis;2017;0,834;North America
Saint Kitts and Nevis;2018;0,835;North America
Saint Kitts and Nevis;2019;0,839;North America
Saint Kitts and Nevis;2020;0,828;North America
Saint Kitts and Nevis;2021;0,818;North America
Saint Kitts and Nevis;2022;0,829;North America
Saint Kitts and Nevis;2023;0,84;North America
Saint Lucia;2015;0,757;North America
Saint Lucia;2016;0,76;North America
Saint Lucia;2017;0,757;North America
Saint Lucia;2018;0,759;North America
Saint Lucia;2019;0,745;North America
Saint Lucia;2020;0,734;North America
Saint Lucia;2021;0,724;North America
Saint Lucia;2022;0,747;North America
Saint Lucia;2023;0,748;North America
Saint Vincent and the Grenadines;2015;0,765;North America
Saint Vincent and the Grenadines;2016;0,771;North America
Saint Vincent and the Grenadines;2017;0,778;North America
Saint Vincent and the Grenadines;2018;0,783;North America
Saint Vincent and the Grenadines;2019;0,787;North America
Saint Vincent and the Grenadines;2020;0,781;North America
Saint Vincent and the Grenadines;2021;0,781;North America
Saint Vincent and the Grenadines;2022;0,794;North America
Saint Vincent and the Grenadines;2023;0,798;North America
Samoa;2015;0,708;Oceania
Samoa;2016;0,712;Oceania
Samoa;2017;0,712;Oceania
Samoa;2018;0,711;Oceania
Samoa;2019;0,708;Oceania
Samoa;2020;0,708;Oceania
Samoa;2021;0,706;Oceania
Samoa;2022;0,703;Oceania
Samoa;2023;0,708;Oceania
San Marino;2015;0,896;Europe
San Marino;2016;0,898;Europe
San Marino;2017;0,903;Europe
San Marino;2018;0,904;Europe
San Marino;2019;0,908;Europe
San Marino;2020;0,895;Europe
San Marino;2021;0,903;Europe
San Marino;2022;0,91;Europe
San Marino;2023;0,915;Europe
Sao Tome and Principe;2015;0,608;Africa
Sao Tome and Principe;2016;0,613;Africa
Sao Tome and Principe;2017;0,617;Africa
Sao Tome and Principe;2018;0,621;Africa
Sao Tome and Principe;2019;0,625;Africa
Sao Tome and Principe;2020;0,628;Africa
Sao Tome and Principe;2021;0,631;Africa
Sao Tome and Principe;2022;0,636;Africa
Sao Tome and Principe;2023;0,637;Africa
Saudi Arabia;2015;0,851;Asia
Saudi Arabia;2016;0,86;Asia
Saudi Arabia;2017;0,869;Asia
Saudi Arabia;2018;0,875;Asia
Saudi Arabia;2019;0,878;Asia
Saudi Arabia;2020;0,875;Asia
Saudi Arabia;2021;0,878;Asia
Saudi Arabia;2022;0,893;Asia
Saudi Arabia;2023;0,9;Asia
Senegal;2015;0,509;Africa
Senegal;2016;0,516;Africa
Senegal;2017;0,517;Africa
Senegal;2018;0,522;Africa
Senegal;2019;0,52;Africa
Senegal;2020;0,522;Africa
Senegal;2021;0,522;Africa
Senegal;2022;0,526;Africa
Senegal;2023;0,53;Africa
Serbia;2015;0,802;Europe
Serbia;2016;0,806;Europe
Serbia;2017;0,808;Europe
Serbia;2018;0,814;Europe
Serbia;2019;0,817;Europe
Serbia;2020;0,809;Europe
Serbia;2021;0,807;Europe
Serbia;2022;0,826;Europe
Serbia;2023;0,833;Europe
Seychelles;2015;0,819;Africa
Seychelles;2016;0,836;Africa
Seychelles;2017;0,844;Africa
Seychelles;2018;0,847;Africa
Seychelles;2019;0,85;Africa
Seychelles;2020;0,853;Africa
Seychelles;2021;0,838;Africa
Seychelles;2022;0,836;Africa
Seychelles;2023;0,848;Africa
Sierra Leone;2015;0,432;Africa
Sierra Leone;2016;0,441;Africa
Sierra Leone;2017;0,445;Africa
Sierra Leone;2018;0,451;Africa
Sierra Leone;2019;0,455;Africa
Sierra Leone;2020;0,454;Africa
Sierra Leone;2021;0,458;Africa
Sierra Leone;2022;0,463;Africa
Sierra Leone;2023;0,467;Africa
Singapore;2015;0,935;Asia
Singapore;2016;0,934;Asia
Singapore;2017;0,935;Asia
Singapore;2018;0,939;Asia
Singapore;2019;0,942;Asia
Singapore;2020;0,944;Asia
Singapore;2021;0,948;Asia
Singapore;2022;0,942;Asia
Singapore;2023;0,946;Asia
Slovakia;2015;0,861;Europe
Slovakia;2016;0,864;Europe
Slovakia;2017;0,865;Europe
Slovakia;2018;0,868;Europe
Slovakia;2019;0,871;Europe
Slovakia;2020;0,867;Europe
Slovakia;2021;0,859;Europe
Slovakia;2022;0,873;Europe
Slovakia;2023;0,88;Europe
Slovenia;2015;0,909;Europe
Slovenia;2016;0,914;Europe
Slovenia;2017;0,918;Europe
Slovenia;2018;0,922;Europe
Slovenia;2019;0,923;Europe
Slovenia;2020;0,918;Europe
Slovenia;2021;0,924;Europe
Slovenia;2022;0,926;Europe
Slovenia;2023;0,931;Europe
Solomon Islands;2015;0,576;Oceania
Solomon Islands;2016;0,578;Oceania
Solomon Islands;2017;0,581;Oceania
Solomon Islands;2018;0,582;Oceania
Solomon Islands;2019;0,583;Oceania
Solomon Islands;2020;0,579;Oceania
Solomon Islands;2021;0,577;Oceania
Solomon Islands;2022;0,583;Oceania
Solomon Islands;2023;0,584;Oceania
Somalia;2015;;Africa
Somalia;2016;;Africa
Somalia;2017;;Africa
Somalia;2018;;Africa
Somalia;2019;;Africa
Somalia;2020;;Africa
Somalia;2021;;Africa
Somalia;2022;0,385;Africa
Somalia;2023;0,404;Africa
South Africa;2015;0,722;Africa
South Africa;2016;0,722;Africa
South Africa;2017;0,726;Africa
South Africa;2018;0,732;Africa
South Africa;2019;0,742;Africa
South Africa;2020;0,724;Africa
South Africa;2021;0,721;Africa
South Africa;2022;0,737;Africa
South Africa;2023;0,741;Africa
South Sudan;2015;0,317;Africa
South Sudan;2016;0,297;Africa
South Sudan;2017;0,292;Africa
South Sudan;2018;0,371;Africa
South Sudan;2019;0,403;Africa
South Sudan;2020;0,398;Africa
South Sudan;2021;0,393;Africa
South Sudan;2022;0,388;Africa
South Sudan;2023;0,388;Africa
Spain;2015;0,895;Europe
Spain;2016;0,9;Europe
Spain;2017;0,902;Europe
Spain;2018;0,905;Europe
Spain;2019;0,91;Europe
Spain;2020;0,901;Europe
Spain;2021;0,912;Europe
Spain;2022;0,911;Europe
Spain;2023;0,918;Europe
Sri Lanka;2015;0,769;Asia
Sri Lanka;2016;0,772;Asia
Sri Lanka;2017;0,777;Asia
Sri Lanka;2018;0,782;Asia
Sri Lanka;2019;0,781;Asia
Sri Lanka;2020;0,78;Asia
Sri Lanka;2021;0,777;Asia
Sri Lanka;2022;0,777;Asia
Sri Lanka;2023;0,776;Asia
Sudan;2015;0,498;Africa
Sudan;2016;0,502;Africa
Sudan;2017;0,506;Africa
Sudan;2018;0,515;Africa
Sudan;2019;0,517;Africa
Sudan;2020;0,513;Africa
Sudan;2021;0,512;Africa
Sudan;2022;0,516;Africa
Sudan;2023;0,511;Africa
Suriname;2015;0,718;South America
Suriname;2016;0,716;South America
Suriname;2017;0,715;South America
Suriname;2018;0,719;South America
Suriname;2019;0,72;South America
Suriname;2020;0,714;South America
Suriname;2021;0,697;South America
Suriname;2022;0,719;South America
Suriname;2023;0,722;South America
Sweden;2015;0,945;Europe
Sweden;2016;0,947;Europe
Sweden;2017;0,949;Europe
Sweden;2018;0,95;Europe
Sweden;2019;0,955;Europe
Sweden;2020;0,951;Europe
Sweden;2021;0,958;Europe
Sweden;2022;0,959;Europe
Sweden;2023;0,959;Europe
Switzerland;2015;0,957;Europe
Switzerland;2016;0,959;Europe
Switzerland;2017;0,96;Europe
Switzerland;2018;0,962;Europe
Switzerland;2019;0,965;Europe
Switzerland;2020;0,963;Europe
Switzerland;2021;0,968;Europe
Switzerland;2022;0,966;Europe
Switzerland;2023;0,97;Europe
Syrian Arab Republic;2015;0,549;
Syrian Arab Republic;2016;0,552;
Syrian Arab Republic;2017;0,551;
Syrian Arab Republic;2018;0,557;
Syrian Arab Republic;2019;0,569;
Syrian Arab Republic;2020;0,57;
Syrian Arab Republic;2021;0,571;
Syrian Arab Republic;2022;0,571;
Syrian Arab Republic;2023;0,564;
Tajikistan;2015;0,658;Asia
Tajikistan;2016;0,661;Asia
Tajikistan;2017;0,666;Asia
Tajikistan;2018;0,67;Asia
Tajikistan;2019;0,673;Asia
Tajikistan;2020;0,664;Asia
Tajikistan;2021;0,672;Asia
Tajikistan;2022;0,687;Asia
Tajikistan;2023;0,691;Asia
Tanzania;2015;0,52;
Tanzania;2016;0,52;
Tanzania;2017;0,528;
Tanzania;2018;0,537;
Tanzania;2019;0,546;
Tanzania;2020;0,554;
Tanzania;2021;0,548;
Tanzania;2022;0,554;
Tanzania;2023;0,555;
Thailand;2015;0,788;Asia
Thailand;2016;0,792;Asia
Thailand;2017;0,794;Asia
Thailand;2018;0,796;Asia
Thailand;2019;0,8;Asia
Thailand;2020;0,798;Asia
Thailand;2021;0,8;Asia
Thailand;2022;0,792;Asia
Thailand;2023;0,798;Asia
Timor-Leste;2015;0,628;
Timor-Leste;2016;0,618;
Timor-Leste;2017;0,621;
Timor-Leste;2018;0,624;
Timor-Leste;2019;0,642;
Timor-Leste;2020;0,65;
Timor-Leste;2021;0,644;
Timor-Leste;2022;0,633;
Timor-Leste;2023;0,634;
Togo;2015;0,523;Africa
Togo;2016;0,528;Africa
Togo;2017;0,534;Africa
Togo;2018;0,542;Africa
Togo;2019;0,549;Africa
Togo;2020;0,554;Africa
Togo;2021;0,56;Africa
Togo;2022;0,567;Africa
Togo;2023;0,571;Africa
Tonga;2015;0,743;Oceania
Tonga;2016;0,749;Oceania
Tonga;2017;0,755;Oceania
Tonga;2018;0,759;Oceania
Tonga;2019;0,763;Oceania
Tonga;2020;0,765;Oceania
Tonga;2021;0,763;Oceania
Tonga;2022;0,764;Oceania
Tonga;2023;0,769;Oceania
Trinidad and Tobago;2015;0,808;North America
Trinidad and Tobago;2016;0,806;North America
Trinidad and Tobago;2017;0,806;North America
Trinidad and Tobago;2018;0,803;North America
Trinidad and Tobago;2019;0,805;North America
Trinidad and Tobago;2020;0,8;North America
Trinidad and Tobago;2021;0,796;North America
Trinidad and Tobago;2022;0,805;North America
Trinidad and Tobago;2023;0,807;North America
Tunisia;2015;0,728;Africa
Tunisia;2016;0,733;Africa
Tunisia;2017;0,737;Africa
Tunisia;2018;0,742;Africa
Tunisia;2019;0,74;Africa
Tunisia;2020;0,733;Africa
Tunisia;2021;0,728;Africa
Tunisia;2022;0,745;Africa
Tunisia;2023;0,746;Africa
Turkmenistan;2015;0,725;Asia
Turkmenistan;2016;0,729;Asia
Turkmenistan;2017;0,732;Asia
Turkmenistan;2018;0,735;Asia
Turkmenistan;2019;0,741;Asia
Turkmenistan;2020;0,744;Asia
Turkmenistan;2021;0,754;Asia
Turkmenistan;2022;0,761;Asia
Turkmenistan;2023;0,764;Asia
Tuvalu;2015;0,658;Oceania
Tuvalu;2016;0,664;Oceania
Tuvalu;2017;0,668;Oceania
Tuvalu;2018;0,672;Oceania
Tuvalu;2019;0,681;Oceania
Tuvalu;2020;0,681;Oceania
Tuvalu;2021;0,681;Oceania
Tuvalu;2022;0,686;Oceania
Tuvalu;2023;0,689;Oceania
Türkiye;2015;0,821;
Türkiye;2016;0,826;
Türkiye;2017;0,833;
Türkiye;2018;0,838;
Türkiye;2019;0,841;
Türkiye;2020;0,838;
Türkiye;2021;0,841;
Türkiye;2022;0,853;
Türkiye;2023;0,853;
Uganda;2015;0,547;Africa
Uganda;2016;0,553;Africa
Uganda;2017;0,557;Africa
Uganda;2018;0,563;Africa
Uganda;2019;0,569;Africa
Uganda;2020;0,571;Africa
Uganda;2021;0,573;Africa
Uganda;2022;0,578;Africa
Uganda;2023;0,582;Africa
Ukraine;2015;0,778;Europe
Ukraine;2016;0,78;Europe
Ukraine;2017;0,785;Europe
Ukraine;2018;0,784;Europe
Ukraine;2019;0,789;Europe
Ukraine;2020;0,783;Europe
Ukraine;2021;0,772;Europe
Ukraine;2022;0,772;Europe
Ukraine;2023;0,779;Europe
United Arab Emirates;2015;0,857;Asia
United Arab Emirates;2016;0,861;Asia
United Arab Emirates;2017;0,884;Asia
United Arab Emirates;2018;0,901;Asia
United Arab Emirates;2019;0,915;Asia
United Arab Emirates;2020;0,909;Asia
United Arab Emirates;2021;0,903;Asia
United Arab Emirates;2022;0,921;Asia
United Arab Emirates;2023;0,94;Asia
United Kingdom;2015;0,931;Europe
United Kingdom;2016;0,934;Europe
United Kingdom;2017;0,937;Europe
United Kingdom;2018;0,936;Europe
United Kingdom;2019;0,941;Europe
United Kingdom;2020;0,93;Europe
United Kingdom;2021;0,941;Europe
United Kingdom;2022;0,946;Europe
United Kingdom;2023;0,946;Europe
United States;2015;0,928;North America
United States;2016;0,929;North America
United States;2017;0,931;North America
United States;2018;0,934;North America
United States;2019;0,936;North America
United States;2020;0,925;North America
United States;2021;0,921;North America
United States;2022;0,93;North America
United States;2023;0,938;North America
Uruguay;2015;0,818;South America
Uruguay;2016;0,821;South America
Uruguay;2017;0,827;South America
Uruguay;2018;0,826;South America
Uruguay;2019;0,83;South America
Uruguay;2020;0,837;South America
Uruguay;2021;0,837;South America
Uruguay;2022;0,852;South America
Uruguay;2023;0,862;South America
Uzbekistan;2015;0,707;Asia
Uzbekistan;2016;0,714;Asia
Uzbekistan;2017;0,719;Asia
Uzbekistan;2018;0,725;Asia
Uzbekistan;2019;0,73;Asia
Uzbekistan;2020;0,723;Asia
Uzbekistan;2021;0,727;Asia
Uzbekistan;2022;0,737;Asia
Uzbekistan;2023;0,74;Asia
Vanuatu;2015;0,599;Oceania
Vanuatu;2016;0,603;Oceania
Vanuatu;2017;0,607;Oceania
Vanuatu;2018;0,612;Oceania
Vanuatu;2019;0,622;Oceania
Vanuatu;2020;0,617;Oceania
Vanuatu;2021;0,615;Oceania
Vanuatu;2022;0,621;Oceania
Vanuatu;2023;0,621;Oceania
Venezuela (Bolivarian Republic of);2015;0,768;
Venezuela (Bolivarian Republic of);2016;0,761;
Venezuela (Bolivarian Republic of);2017;0,749;
Venezuela (Bolivarian Republic of);2018;0,741;
Venezuela (Bolivarian Republic of);2019;0,724;
Venezuela (Bolivarian Republic of);2020;0,699;
Venezuela (Bolivarian Republic of);2021;0,696;
Venezuela (Bolivarian Republic of);2022;0,706;
Venezuela (Bolivarian Republic of);2023;0,709;
Vietnam;2015;0,717;
Vietnam;2016;0,723;
Vietnam;2017;0,729;
Vietnam;2018;0,737;
Vietnam;2019;0,744;
Vietnam;2020;0,755;
Vietnam;2021;0,754;
Vietnam;2022;0,764;
Vietnam;2023;0,766;
Yemen;2015;0,475;Asia
Yemen;2016;0,467;Asia
Yemen;2017;0,459;Asia
Yemen;2018;0,454;Asia
Yemen;2019;0,458;Asia
Yemen;2020;0,459;Asia
Yemen;2021;0,458;Asia
Yemen;2022;0,466;Asia
Yemen;2023;0,47;Asia
Zambia;2015;0,565;Africa
Zambia;2016;0,565;Africa
Zambia;2017;0,57;Africa
Zambia;2018;0,575;Africa
Zambia;2019;0,578;Africa
Zambia;2020;0,578;Africa
Zambia;2021;0,574;Africa
Zambia;2022;0,589;Africa
Zambia;2023;0,595;Africa
Zimbabwe;2015;0,567;Africa
Zimbabwe;2016;0,57;Africa
Zimbabwe;2017;0,575;Africa
Zimbabwe;2018;0,586;Africa
Zimbabwe;2019;0,584;Africa
Zimbabwe;2020;0,582;Africa
Zimbabwe;2021;0,581;Africa
Zimbabwe;2022;0,594;Africa
Zimbabwe;2023;0,598;Africa
Very high human development;2015;0,898;
Very high human development;2016;0,9;
Very high human development;2017;0,903;
Very high human development;2018;0,906;
Very high human development;2019;0,909;
Very high human development;2020;0,901;
Very high human development;2021;0,903;
Very high human development;2022;0,908;
Very high human development;2023;0,914;
High human development;2015;0,744;
High human development;2016;0,749;
High human development;2017;0,754;
High human development;2018;0,76;
High human development;2019;0,765;
High human development;2020;0,763;
High human development;2021;0,766;
High human development;2022;0,774;
High human development;2023;0,777;
Medium human development;2015;0,611;
Medium human development;2016;0,62;
Medium human development;2017;0,624;
Medium human development;2018;0,627;
Medium human development;2019;0,631;
Medium human development;2020;0,631;
Medium human development;2021;0,629;
Medium human development;2022;0,649;
Medium human development;2023;0,656;
Low human development;2015;0,491;
Low human development;2016;0,497;
Low human development;2017;0,5;
Low human development;2018;0,504;
Low human development;2019;0,507;
Low human development;2020;0,507;
Low human development;2021;0,507;
Low human development;2022;0,512;
Low human development;2023;0,515;
Arab States;2015;0,693;
Arab States;2016;0,698;
Arab States;2017;0,702;
Arab States;2018;0,707;
Arab States;2019;0,712;
Arab States;2020;0,707;
Arab States;2021;0,71;
Arab States;2022;0,716;
Arab States;2023;0,719;
East Asia and the Pacific;2015;0,735;
East Asia and the Pacific;2016;0,742;
East Asia and the Pacific;2017;0,749;
East Asia and the Pacific;2018;0,756;
East Asia and the Pacific;2019;0,761;
East Asia and the Pacific;2020;0,764;
East Asia and the Pacific;2021;0,768;
East Asia and the Pacific;2022;0,773;
East Asia and the Pacific;2023;0,775;
Europe and Central Asia;2015;0,789;
Europe and Central Asia;2016;0,793;
Europe and Central Asia;2017;0,8;
Europe and Central Asia;2018;0,804;
Europe and Central Asia;2019;0,808;
Europe and Central Asia;2020;0,802;
Europe and Central Asia;2021;0,803;
Europe and Central Asia;2022;0,815;
Europe and Central Asia;2023;0,818;
Latin America and the Caribbean;2015;0,767;
Latin America and the Caribbean;2016;0,769;
Latin America and the Caribbean;2017;0,772;
Latin America and the Caribbean;2018;0,774;
Latin America and the Caribbean;2019;0,776;
Latin America and the Caribbean;2020;0,764;
Latin America and the Caribbean;2021;0,762;
Latin America and the Caribbean;2022;0,778;
Latin America and the Caribbean;2023;0,783;
South Asia;2015;0,627;
South Asia;2016;0,637;
South Asia;2017;0,641;
South Asia;2018;0,642;
South Asia;2019;0,645;
South Asia;2020;0,645;
South Asia;2021;0,641;
South Asia;2022;0,665;
South Asia;2023;0,672;
Sub-Saharan Africa;2015;0,54;
Sub-Saharan Africa;2016;0,543;
Sub-Saharan Africa;2017;0,546;
Sub-Saharan Africa;2018;0,551;
Sub-Saharan Africa;2019;0,557;
Sub-Saharan Africa;2020;0,557;
Sub-Saharan Africa;2021;0,558;
Sub-Saharan Africa;2022;0,565;
Sub-Saharan Africa;2023;0,568;
World;2015;0,731;
World;2016;0,735;
World;2017;0,739;
World;2018;0,741;
World;2019;0,745;
World;2020;0,742;
World;2021;0,742;
World;2022;0,752;
World;2023;0,756;
